case,family,d,epsilon,L,U_DP,U_combined,exact,analytic_interval,analytic_max_coefficient,analytic_coordinate_fractions,analytic_kantorovich,analytic_best,secant_upper,secant_seconds,solve_seconds,analytic_seconds,exact_seconds,peak_states,peak_expanded,peak_rss_mib,pass
0,heterogeneous,4,1/4,6.317923553719008,7.6977763640973995,7.6977763640973995,6.317923553719008,32.58301939058172,22.666666666666668,11.819080103072247,,11.819080103072247,6.44428150909719,0.00012866698671132326,0.0001891670108307153,6.325001595541835e-05,0.00027933300589211285,14,14,25.5,True
1,heterogeneous,6,1/4,11.534596723088786,14.065184412111574,14.065184412111574,11.534596723088786,30.952006638652147,100.0,19.31820892783222,,19.31820892783222,11.534596723088786,0.00018362500122748315,0.00046795798698440194,0.00011320802150294185,0.001166542002465576,26,44,25.515625,True
2,heterogeneous,8,1/4,9.938098775826179,12.12338282066951,12.12338282066951,10.13493166909621,23.22191569236467,47.5,14.210395878130411,,14.210395878130411,10.13493166909621,0.00016475000302307308,0.0011967499740421772,9.537499863654375e-05,0.005177208979148418,38,68,25.625,True
3,heterogeneous,10,1/4,6.391963713863926,7.7994104593655775,7.7994104593655775,6.391963713863926,16.457687259640707,252.0,11.69251944170939,,11.69251944170939,6.391963713863926,0.0002130419888999313,0.001702292007394135,0.00010883301729336381,0.025383999978657812,48,94,25.546875,True
4,zero_lower,4,1/4,29.838763376932224,36.355635756567054,36.355635756567054,29.838763376932224,664.6857142857143,48.0,52.3483819944384,,48.0,45.82755203171457,8.712499402463436e-05,0.00017704101628623903,5.7249999372288585e-05,0.0001945420226547867,10,16,25.515625,True
5,zero_lower,6,1/4,10.828081717451523,13.203666312885726,13.203666312885726,10.828081717451523,46.786921212121214,78.0,20.077342667204885,,20.077342667204885,10.828331584470094,0.00012445799075067043,0.0005865000130143017,7.350000669248402e-05,0.001012833003187552,38,60,25.53125,True
6,zero_lower,8,1/4,21.216016497680013,25.881196769412497,25.881196769412497,21.216016497680013,50.57055845919585,72.0,33.56611263921332,,33.56611263921332,21.320805369127516,0.00015691699809394777,0.0008070000039879233,9.966699872165918e-05,0.004865458991844207,36,66,25.4375,True
7,zero_lower,10,1/4,13.471563430059524,16.4378675198859,16.4378675198859,13.471563430059524,54.88723301820728,120.0,28.194154157329784,,28.194154157329784,13.471563430059524,0.00019749999046325684,0.0027870000049006194,0.00010229198960587382,0.024448292009765282,94,166,25.625,True
8,narrow,4,1/4,5.033318595608158,6.132609960979532,5.254317464531221,5.0646254362470575,5.640480147737765,21.333333333333332,5.254317464531221,,5.254317464531221,5.0646254362470575,0.0002067500026896596,0.00013604198466055095,6.0125021263957024e-05,0.00020145898452028632,4,6,25.515625,True
9,narrow,6,1/4,4.239189440377655,5.169229810820914,4.713438535581726,4.327490858645954,4.881329206416012,27.5,4.713438535581726,,4.713438535581726,4.327490858645954,0.00013466700329445302,0.00020104198483750224,8.012499893084168e-05,0.00127012500888668,4,8,25.46875,True
10,narrow,8,1/4,5.378231515963308,6.5608484114500545,5.715036145427935,5.442928436868221,5.868661059151422,96.0,5.715036145427935,,5.715036145427935,5.442928436868221,0.0001622500130906701,0.0003154579899273813,9.420898277312517e-05,0.0057290419936180115,6,12,25.515625,True
11,narrow,10,1/4,8.283096168435097,10.106951444655673,9.020169266564217,8.481413607767957,9.247699346302358,238.0,9.020169266564217,,9.020169266564217,8.481413607767957,0.00021612501586787403,0.00045279201003722847,0.00011295799049548805,0.025212040985934436,8,16,25.46875,True
12,common,4,1/4,1.3265306122448979,1.6162487415947895,1.3333333333333333,1.3265306122448979,9.0,20.0,3.3929396167158403,1.3333333333333333,1.3333333333333333,1.3333333333333333,8.674999116919935e-05,0.00016500000492669642,6.179098272696137e-05,0.00018779101083055139,12,12,25.4375,True
13,common,6,1/4,1.3333333333333333,1.6258547798736431,1.3333333333333333,1.3333333333333333,9.0,18.0,4.567338610100923,1.3333333333333333,1.3333333333333333,1.3333333333333333,0.0001196670054923743,0.00041287500062026083,7.645800360478461e-05,0.0009409170015715063,31,42,25.53125,True
14,common,8,1/4,1.3331824354911725,1.6263353182367997,1.3333333333333333,1.3331824354911725,9.0,20.666666666666668,5.568404242962975,1.3333333333333333,1.3333333333333333,1.3333333333333333,0.00015566698857583106,0.001021750009385869,9.300000965595245e-05,0.005197959020733833,52,88,25.546875,True
15,common,10,1/4,1.3333006567983532,1.626880181681433,1.3333333333333333,1.3333006567983532,9.0,22.333333333333332,6.091404814309427,1.3333333333333333,1.3333333333333333,1.3333333333333333,0.00019799999427050352,0.001547666994156316,0.00010762500460259616,0.026206249982351437,62,112,25.453125,True
16,dynamic,4,1/4,15.430560499980222,18.800639623377997,16.94283171120772,15.57587056295531,22.452117457013042,40.0,16.94283171120772,,16.94283171120772,15.57587056295531,8.812500163912773e-05,0.00014012501924298704,6.091699469834566e-05,0.00020029098959639668,7,8,25.578125,True
17,dynamic,6,1/4,26.885964014567094,32.784504828446,32.784504828446,27.737384682402986,71.54597915536219,47.833333333333336,34.896817563092775,,34.896817563092775,27.737384682402986,0.0001409579999744892,0.00024929200299084187,7.483400986529887e-05,0.0010527920094318688,6,12,25.484375,True
18,dynamic,8,1/4,12.355571436637502,15.072432451450803,15.072432451450803,12.376084395445412,154.6770825593384,94.0,28.2087862236326,,28.2087862236326,14.762614913525997,0.00017949999892152846,0.00044545799028128386,8.920798427425325e-05,0.005701832997146994,28,32,25.515625,True
19,dynamic,10,1/4,15.92029142793792,19.425781033438845,19.425781033438845,16.146414826134123,33.46528897606643,224.0,22.34128604559302,,22.34128604559302,16.146414826134123,0.00021520801237784326,0.0009684589749667794,0.00011391699081286788,0.027268167003057897,34,68,25.375,True
20,heterogeneous,64,1/4,8.666151976020084,10.583209891184632,10.583209891184632,,24.817402258515894,990.0,23.296644895860798,,23.296644895860798,8.667901200274574,0.0014958329848013818,0.15239900001324713,0.0005611669912468642,,410,820,26.3125,True
21,zero_lower,64,1/4,45.60376407513566,55.6918697445778,55.6918697445778,,176.03935957626933,1376.0,141.72454717182197,,141.72454717182197,45.61768296955524,0.0012385000009089708,0.2639858750044368,0.0005099590052850544,,711,1422,26.546875,True
22,narrow,64,1/4,6.765003098446,8.26150382585934,7.463636429513832,,7.496885728551148,1608.0,7.463636429513832,,7.463636429513832,6.851440246349615,0.0012713329924736172,0.013303374988026917,0.000514750019647181,,50,100,25.546875,True
23,common,64,1/4,1.3333299525335713,1.6282787078869623,1.3333333333333333,,9.0,418.0,8.351100552452403,1.3333333333333333,1.3333333333333333,1.3333333333333333,0.0011730830010492355,0.10989641601918265,0.0006661669758614153,,419,818,26.140625,True
24,dynamic,64,1/4,34.009345615236526,41.53262531096117,41.53262531096117,,97.72843950327713,1636.0,73.88981780679639,,73.88981780679639,34.58085893202936,0.0013133329921402037,0.14163995799026452,0.0007884999795351177,,503,1006,26.234375,True
25,heterogeneous,128,1/2,10.644070306693246,14.851776177714319,14.851776177714319,,25.514162184578748,2852.5,24.71466213834989,,24.71466213834989,10.66448555728603,0.0027192079869564623,0.42650916599086486,0.001469582988647744,,548,1096,26.328125,True
