report	role	completion	path
h01_learning	breadth_or_followup	COMPLETE_INTERNAL_REPORT	reports/h01_learning.txt
h02_scientific_compression	breadth_or_followup	COMPLETE_INTERNAL_REPORT	reports/h02_scientific_compression.txt
h03_optimization	breadth_or_followup	COMPLETE_INTERNAL_REPORT	reports/h03_optimization.txt
h04_counting	breadth_or_followup	COMPLETE_INTERNAL_REPORT	reports/h04_counting.txt
h05_linear_algebra	breadth_or_followup	COMPLETE_INTERNAL_REPORT	reports/h05_linear_algebra.txt
h06_formal_discovery	breadth_or_followup	COMPLETE_INTERNAL_REPORT	reports/h06_formal_discovery.txt
h06_second	breadth_or_followup	COMPLETE_INTERNAL_REPORT	reports/h06_second.txt
h07_control	breadth_or_followup	COMPLETE_INTERNAL_REPORT	reports/h07_control.txt
h07_gate	breadth_or_followup	COMPLETE_INTERNAL_REPORT	reports/h07_gate.txt
h08_causal_dynamics	breadth_or_followup	COMPLETE_INTERNAL_REPORT	reports/h08_causal_dynamics.txt
h09_gate	breadth_or_followup	COMPLETE_INTERNAL_REPORT	reports/h09_gate.txt
h09_measurement	breadth_or_followup	COMPLETE_INTERNAL_REPORT	reports/h09_measurement.txt
h10_chemistry	breadth_or_followup	COMPLETE_INTERNAL_REPORT	reports/h10_chemistry.txt
h10_second	breadth_or_followup	COMPLETE_INTERNAL_REPORT	reports/h10_second.txt
h11_biology	breadth_or_followup	COMPLETE_INTERNAL_REPORT	reports/h11_biology.txt
h12_complexity	breadth_or_followup	COMPLETE_INTERNAL_REPORT	reports/h12_complexity.txt
h13_pde_theory	breadth_or_followup	COMPLETE_INTERNAL_REPORT	reports/h13_pde_theory.txt
h14_natural_law	breadth_or_followup	COMPLETE_INTERNAL_REPORT	reports/h14_natural_law.txt
h15_distributed	breadth_or_followup	COMPLETE_INTERNAL_REPORT	reports/h15_distributed.txt
h16_gate	breadth_or_followup	COMPLETE_INTERNAL_REPORT	reports/h16_gate.txt
h16_inverse_design	breadth_or_followup	COMPLETE_INTERNAL_REPORT	reports/h16_inverse_design.txt
h17_geometry	breadth_or_followup	COMPLETE_INTERNAL_REPORT	reports/h17_geometry.txt
h17_second	breadth_or_followup	COMPLETE_INTERNAL_REPORT	reports/h17_second.txt
h18_inference	breadth_or_followup	COMPLETE_INTERNAL_REPORT	reports/h18_inference.txt
h18_second	breadth_or_followup	COMPLETE_INTERNAL_REPORT	reports/h18_second.txt
h19_algebra	breadth_or_followup	COMPLETE_INTERNAL_REPORT	reports/h19_algebra.txt
h20_memory_computation	breadth_or_followup	COMPLETE_INTERNAL_REPORT	reports/h20_memory_computation.txt
h21_wildcard	breadth_or_followup	COMPLETE_INTERNAL_REPORT	reports/h21_wildcard.txt
h22_representation	breadth_or_followup	COMPLETE_INTERNAL_REPORT	reports/h22_representation.txt
s41_primitive	concentrated_depth	COMPLETE_INTERNAL_REPORT	reports/s41_primitive.txt
s42_alternative	concentrated_depth	COMPLETE_INTERNAL_REPORT	reports/s42_alternative.txt
s43_proof	concentrated_depth	COMPLETE_INTERNAL_REPORT	reports/s43_proof.txt
s45_realization	concentrated_depth	COMPLETE_INTERNAL_REPORT	reports/s45_realization.txt
s44_adversary	adversarial_review	PARTIAL_STREAM_FAILURE	reports/s44_adversary/
s46_adversary	adversarial_review	PARTIAL_STREAM_FAILURE	reports/s46_adversary/
root	coordinator_mathematics	PRESERVED_INTERNAL_DERIVATIONS	reports/root_nonlinear_tomography/
