gate_id	title	result_route_ids	path
G-AC-SMOOTH-MODEL-LOCALIZED-SOURCE-REVIEW	Reconstruct the localized source-dependent AC smooth-model obstruction	N438,N439,N440,N441	frontier/gates/G-AC-SMOOTH-MODEL-LOCALIZED-SOURCE-REVIEW.json
G-ALGEBRAIC-LOGARITHM-REVIEW	Externally review the internally reconstructed degree-only logarithm bound	N324,N325,N326,N327	frontier/gates/G-ALGEBRAIC-LOGARITHM-REVIEW.json
G-ALL-COPY-NPT-UNDISTILLABILITY	Resolve the all-copy NPT target beyond product-ray supports	N304,N305,N306,N307,N377,N378,N380,N381,N382,N383	frontier/gates/G-ALL-COPY-NPT-UNDISTILLABILITY.json
G-ARITHMETIC-SELECTIVE-COVER-REVIEW	Review exact rational lifts, monodromy and representation costs	N335,N336,N337,N338	frontier/gates/G-ARITHMETIC-SELECTIVE-COVER-REVIEW.json
G-BI-PROGRAMME-PROOF-ACQUISITION	Acquire precise later programme versions before premise transfer	N420,N421,N423,N431	frontier/gates/G-BI-PROGRAMME-PROOF-ACQUISITION.json
G-BISTOCHASTIC-REFERENCE-AND-RANDOM-TIME-REVIEW	Acquire and independently review the complete-reference and random-time manuscripts	N384,N385,N386,N387,N330,N357,N361	frontier/gates/G-BISTOCHASTIC-REFERENCE-AND-RANDOM-TIME-REVIEW.json
G-BOUNDED-CAPACITY-EXTERNAL-REVIEW	Externally review the internally closed bounded-capacity reconstruction chain	N93,N353,N354,N355,N362,N368,N369,N370,N374,N375	frontier/gates/G-BOUNDED-CAPACITY-EXTERNAL-REVIEW.json
G-BQ-N522	Reconstruct the affine frozen-profile noise identity	N522	frontier/gates/G-BQ-N522.json
G-BQ-N523	Derive the weak-bias electrothermal Langevin expansion	N523	frontier/gates/G-BQ-N523.json
G-BQ-N524	Audit the local heat-potential weak PDE argument	N524	frontier/gates/G-BQ-N524.json
G-BQ-N525	Resolve the all-copy rank-two Werner endpoint	N525	frontier/gates/G-BQ-N525.json
G-BQ-N526	Certify the Pick boundary under finite-N sampling	N526	frontier/gates/G-BQ-N526.json
G-BQ-N527	Audit the small-chipping finite-time inverse	N527	frontier/gates/G-BQ-N527.json
G-BQ-N528	Audit the no-SC positive inverse and risk bound	N528	frontier/gates/G-BQ-N528.json
G-BQ-N529	Check the Boolean coordinate result against Han's question	N529	frontier/gates/G-BQ-N529.json
G-BQ-N530	Audit Gaussianity powers and endpoint losses	N530	frontier/gates/G-BQ-N530.json
G-BQ-N531	Audit revealed-pool conditioning and histogram rates	N531	frontier/gates/G-BQ-N531.json
G-BQ-N532	Audit OU Fisher dominance and physical costs	N532	frontier/gates/G-BQ-N532.json
G-BQ-N533	Verify the imported factorization theorem and repair	N533	frontier/gates/G-BQ-N533.json
G-BQ-N534	Audit the pure-family Schur partition and modulus	N534	frontier/gates/G-BQ-N534.json
G-BR-N535	Obtain independent expert or formal review of the exact fixed-copy criterion, algebraic rebalancing coin and expected-bit sampler; determine priority of the exact witness without claiming novelty of discrimination.	N535	frontier/gates/G-BR-N535.json
G-BR-N536	Close the uniform precision-refinement runtime gap for the actual numerical endpoint and independently review the full encoded TV contract and final-code audit lineage.	N536	frontier/gates/G-BR-N536.json
G-BR-N537	Independently certify uniform analytic/bit-cost bounds and audit the implemented Taylor recurrence, guard precision and final domain repairs; resolve prior art for the encoded evaluation contract.	N537	frontier/gates/G-BR-N537.json
G-BS-N538	Independently review the subordination continuation and uniform-density steps; assess priority against free deconvolution and unknown-noise literature; identify a costed physical observation that distinguishes the pair.	N538	frontier/gates/G-BS-N538.json
G-BS-N539	Independently verify the reproducing-kernel optimality and adaptive-transcript quantifiers; price any escape through extra coordinates, specimen reuse, structure acquisition or conditional-law access.	N539	frontier/gates/G-BS-N539.json
G-BS-N540	Find a proved direct conditional sampler or a materially different resource contract; otherwise obtain expert review of both reduction directions and retain the capability barrier.	N540	frontier/gates/G-BS-N540.json
G-BS-N541	Independently audit the universal hidden-model inequality and exact certificate; materially lower the certified range-to-gap ratio or prove improved acquisition under explicit preparation and trajectory assumptions.	N541	frontier/gates/G-BS-N541.json
G-BT-N542	Obtain the cited code/environment and raw data; independently reproduce the full pipeline on held-out cycles with trend, lineage and selection controls; then perturb the proposed delay without refitting. No biological mechanism should be inferred before these observations.	N542	frontier/gates/G-BT-N542.json
G-BU-N543	Independently verify the conditional-mean contraction for the stated measurable transition class and compare the transfer operator with prior representation-transform literature.	N543	frontier/gates/G-BU-N543.json
G-BU-N544	Independently check the exact attainment argument and the conversion from the bounded score to a uniform state lower bound; complete a focused prior-art comparison before any novelty claim.	N544	frontier/gates/G-BU-N544.json
G-BU-N545	Independently audit the Grassmann small-ball and eigenvalue-gap argument, the weak-effect and uniform-score contracts, both asymptotic bounds, and the exact static rank argument. Then complete the prior-art review.	N545	frontier/gates/G-BU-N545.json
G-BU-N546	Independently reconstruct and priority-review the source-reported Theta(T) state-count candidate for the exact five-gate qubit process.	N546,N566	frontier/gates/G-BU-N546.json
G-BV-N547	Independently reconstruct the identity with an explicit admissible q class and boundary conditions; verify the symmetric-feature vectorization and assess exact-identity prior art.	N547	frontier/gates/G-BV-N547.json
G-BV-N548	Independently verify the almost-everywhere uniqueness statement and the two-law gauge for the declared boundary conditions; quantify what changes under partial observation or noisy estimated scores.	N548	frontier/gates/G-BV-N548.json
G-BV-N549	Independently verify both directions of the affine-tilt corollary and the fewer-than-d worst-case intervention obstruction; compare the exact model with prior stationary-intervention results.	N549	frontier/gates/G-BV-N549.json
G-BV-N550	Replicate with independently generated finite noisy stationary data under charged mixing/preparation costs and controlled misspecification; first establish that the needed density-ratio gradients or score structure can be estimated in the intended dimension.	N550	frontier/gates/G-BV-N550.json
G-BV-N551	Verify the matched information sets and uncertainty calculation, audit the cited weak-form prior art, and require an acquisition-complete comparator before claiming algorithmic advantage.	N551	frontier/gates/G-BV-N551.json
G-BW-N552	Independently reconstruct the direct-sum CPTP map, the one fixed finite-prior EB bound, the basis-uniform commuting bound and the changed-X-marginal cq argument. Check all norm conventions, finite-design moment order, quantifiers and resource dependencies; then assess priority against the exact prior literature.	N552	frontier/gates/G-BW-N552.json
G-BW-N553	Independently reconstruct the block entropy and exact Holevo-loss identities, verify divergence along the stated parameter sequence, and keep the reweighted total-variation bound restricted to the shift channel. Confirm the N368 and N371 premises are not met; do not infer closure or invalidation.	N553	frontier/gates/G-BW-N553.json
G-BX-N554	Independently reconstruct the global lower and upper distortion bounds with the stated quotient convention, then verify both graph Poincare consequences and complete a version-aware prior-art review of the quantitative estimate.	N554	frontier/gates/G-BX-N554.json
G-BX-N555	Independently reconstruct the invariant-vector defect, constants, finite-source approximate-action repair and charged-degree bookkeeping; verify that every use of the supplied exact representation and energy gap is explicit.	N555	frontier/gates/G-BX-N555.json
G-BX-N556	Independently check the exact CVY unitary modulus and relation distributions, finite-dimensional corner and rank charges, code character gap, all constants in the common-space transfer, and the parameter/error regime without removing the additive floor; then review later prior art.	N556	frontier/gates/G-BX-N556.json
G-BY-N558	Independently reconstruct each exact witness, the rational entropy enclosure and the counterexample-to-target scope boundaries; verify that the repaired candidate does not rely on the refuted abstract statement or dilation shortcut.	N558	frontier/gates/G-BY-N558.json
G-BZ-N559	Independently review the positivity/peeling proof and its finite-sample thresholds, then identify a physically justified reset/readout interface with a complete acquisition and noise budget.	N559	frontier/gates/G-BZ-N559.json
G-BZ-N560	Independently check the short-time bias and union-bound constants, and assess whether realistic endpoint assays can recover all labeled non-null jumps at the required precision.	N560	frontier/gates/G-BZ-N560.json
G-CA-N561	Derive the coupled electron-mode collision operator and current-relaxing momentum sink from a material-specific Hamiltonian, and confront the resulting predictions with acquired raw data and uncertainty.	N561	frontier/gates/G-CA-N561.json
G-CA-N562	Obtain a controlled microscopic derivation tying measured fluctuations to current-relaxing modes and a momentum sink; acquire and analyse the relevant raw neutron and resistivity data before testing a material-specific prediction.	N562	frontier/gates/G-CA-N562.json
G-CAMPAIGN-PHYSICAL-AND-ALGORITHM-INTERFACES	Validate source/PDE/action/noise/solver interfaces of the other campaign candidates	N513,N514,N515,N516,N517,N518	frontier/gates/G-CAMPAIGN-PHYSICAL-AND-ALGORITHM-INTERFACES.json
G-CAPACITY-BROADCASTING-SHARP-TRADEOFF	Find matching necessity and optimized capacity-controlled reconstruction bounds	N353,N354,N355,N361,N368,N369,N374,N375	frontier/gates/G-CAPACITY-BROADCASTING-SHARP-TRADEOFF.json
G-CAPACITY-FREE-ENTROPY-COMPARATOR	Resolve the nonlinear capacity-free entropy-to-classical-recovery interface	N371,N368,N370,N364,N365	frontier/gates/G-CAPACITY-FREE-ENTROPY-COMPARATOR.json
G-CATEGORICAL-DPP-COMPLETION-REVIEW	Validate exact determinant completion and certify practical numerical sampling	N470,N471,N472,N473,N474	frontier/gates/G-CATEGORICAL-DPP-COMPLETION-REVIEW.json
G-CB-N563	Find a valid union-closure argument controlling one of the globally weighted quantities, or construct a counterexample to S or C; then obtain independent proof and priority review.	N563	frontier/gates/G-CB-N563.json
G-CC-N564	Independently check integrability and convex-order steps, then compare the exact matched-Gaussian inequality against prior formulations and identify a theorem-level consequence beyond this lemma.	N564	frontier/gates/G-CC-N564.json
G-CC-N565	Independently reconstruct the convex-order evolution, Lyapunov inequalities and constants for arbitrary time-varying lifts; then verify the concrete spectral-gap premise and review equivalent positive-realization results.	N565	frontier/gates/G-CC-N565.json
G-CC-N567	Independently verify the dual range inequality, the matching construction, and the compiler’s bit-cost accounting; assess a meaningful algorithmic application under fully charged arithmetic.	N567	frontier/gates/G-CC-N567.json
G-CC-N568	Independently verify the equality and nested-set argument, then search prior finite-group/positive-realization literature for the exact orbit criterion.	N568	frontier/gates/G-CC-N568.json
G-CC-N569	Independently check the log-sum-exp limit and supporting-affine approximation, then determine whether any restricted probe family yields a useful finite computational interface.	N569	frontier/gates/G-CC-N569.json
G-CC-N570	Prove or refute the stated implication under the exact law class, then conduct a focused mathematical literature review before describing its status beyond this packet.	N570	frontier/gates/G-CC-N570.json
G-CD-N571	Independently reconstruct the return-device and component-degree induction for singular and dimension-collapsing maps; audit the precise field hypotheses and the exact rational bit-cost encoding; then perform a focused prior-art comparison before promotion.	N571	frontier/gates/G-CD-N571.json
G-CD-N572	Independently reconstruct the invariant and exact carry-delay count, verify all edge cases including m=1, and assess the cited Boolean/circuit simulation antecedents before claiming novelty.	N572	frontier/gates/G-CD-N572.json
G-CD-N573	Independently verify the clock amplification, exact pulse times, primitive-root coefficient specification and degree accounting; then check whether a known theorem gives an equivalent field-uniform horizon obstruction.	N573	frontier/gates/G-CD-N573.json
G-CE-N574	Independently reconstruct the transported cross-coefficient reduction, rectangular moving-support boundary, normalization and two-sided anchor steps for the full CP mapping-cone theorem; check each PPT and CP-plus-2-copositive interface and conduct a focused prior-art review.	N574	frontier/gates/G-CE-N574.json
G-CE-N575	Independently verify the invariant-corner equivalence and finite encoding of each cross-transfer predicate; review the exact algebraic assumptions and search termination proof.	N575	frontier/gates/G-CE-N575.json
G-CE-N576	Reconstruct the finite criterion and its nilpotence bound from the complete source; confirm the focused review covers the claimed sections, audit the negative witness and check prior exact decidability results.	N576	frontier/gates/G-CE-N576.json
G-CE-N577	Independently check the concurrence contraction, CP/2-copositive branch condition, exact effect identities, trace-relative bound and constants. Compare against cited 2-EB and concurrence mechanisms before quantitative reuse.	N577	frontier/gates/G-CE-N577.json
G-CF-N578	Independently reconstruct the squarefree/projector and guard-bit arguments, complex disk bounds, superadiabatic recurrence and total error accounting; then implement the uniform certified algorithm and conduct a fair primary-method comparison only if separately authorized.	N578	frontier/gates/G-CF-N578.json
G-CF-N579	Replay the four exact integer witnesses from the packet in a clean environment, audit the verifier and certificate-to-Hamiltonian binding, and keep finite correctness separate from general algorithmic complexity and performance.	N579	frontier/gates/G-CF-N579.json
G-CG-N580	Independently reconstruct the equal-mass law including singular fibers, the projective deficiency bound, exact random-bit allocation, the R−a−k conditioning charge, and the square-map Moore certificate. Check empty-set behavior, hidden-basis degradation, all cost terms, and the exact multi-constraint prior-art boundary before reuse.	N580	frontier/gates/G-CG-N580.json
G-CG-N581	Reconstruct the low/high dimensional mass bounds and the finite domination formula, verify constants and rounding in the m divisible by eight corollary, and preserve the product-sampler escape when interpreting the asymptotic rejection lower bound.	N581	frontier/gates/G-CG-N581.json
G-CG-N582	Check the symbolic ranks for all d≥2 and the listed finite witnesses; make sure downstream use concludes only that single-coordinate ascent may stall, without inferring general rank-certification hardness.	N582	frontier/gates/G-CG-N582.json
G-CHOI-COMPLETE-CONTRACTION-REVIEW	Reconstruct the exact complete/conditional entropy Choi formula	N402,N403,N404,N405,N406	frontier/gates/G-CHOI-COMPLETE-CONTRACTION-REVIEW.json
G-CIRCUIT-LOGARITHMIC-CONTACT	Decide circuit-size-sensitive logarithmic contact	N246,N247,N248,N249,N250,N280,N289	frontier/gates/G-CIRCUIT-LOGARITHMIC-CONTACT.json
G-COARSE-CANONICAL-KERNEL-REVIEW	Review the canonical maximal coarse kernel and delimit group transfer	N333	frontier/gates/G-COARSE-CANONICAL-KERNEL-REVIEW.json
G-COLLECTIVE-CONCENTRATION-INTERFACE	Validate or acquire the full concentration-to-local-information interface	N230,N231,N232,N233,N234,N235,N236,N237	frontier/gates/G-COLLECTIVE-CONCENTRATION-INTERFACE.json
G-COMMON-EB-ARBITRARY-RANK	Validate general C4/C8 comparators and decide sharp C2	N93,N143,N144,N277,N278,N308,N309,N310,N318,N319,N321,N330,N331,N332,N342,N344,N348,N353,N355,N357,N363,N364,N365,N366	frontier/gates/G-COMMON-EB-ARBITRARY-RANK.json
G-COMMUTING-UNANCHORED-COMPOSITION	Externally validate internally completed commuting repetition and attack optimal rates	N429,N443,N444,N445,N446	frontier/gates/G-COMMUTING-UNANCHORED-COMPOSITION.json
G-CONDITIONAL-SAMPLER-COMPILER	Implement and audit the admitted conditional sampler interface	N95,N109,N110,N111,N113	frontier/gates/G-CONDITIONAL-SAMPLER-COMPILER.json
G-COSMIC-ENDPOINT-LIKELIHOOD-AND-REVIEW	Review cosmic endpoint envelopes and calibrate a full physical likelihood	N475,N476,N477,N478,N479	frontier/gates/G-COSMIC-ENDPOINT-LIKELIHOOD-AND-REVIEW.json
G-COUNT-COMPRESSED-GAUSSIAN-REVIEW	Review exact count reconstruction and certify scalar arithmetic	N417,N418	frontier/gates/G-COUNT-COMPRESSED-GAUSSIAN-REVIEW.json
G-COUPLED-RADIAL-GAUSSIAN-SIMPLEX	Prove or falsify the stronger coupled radial comparison	N292,N293,N294,N295,N296,N297	frontier/gates/G-COUPLED-RADIAL-GAUSSIAN-SIMPLEX.json
G-CRITICAL-GIBBS-LOCAL-REVIEW	Review the exact critical Gibbs local window and quantitative regimes	N238,N239	frontier/gates/G-CRITICAL-GIBBS-LOCAL-REVIEW.json
G-DEFECT-BERNOULLICITY-OR-COCYCLE	Decide a residual Bernoullicity or cocycle-stabilization bridge	N251,N252,N253,N254,N255,N256,N257,N258,N268,N269,N270,N272,N273,N274,N275,N279,N165,N166	frontier/gates/G-DEFECT-BERNOULLICITY-OR-COCYCLE.json
G-DETYPING-DOWNSTREAM-REPAIR	Audit repaired symmetric detyping through later compression stages	N183,N184,N242,L02	frontier/gates/G-DETYPING-DOWNSTREAM-REPAIR.json
G-DIOPHANTINE-KINETIC-COMPILER	Acquire an arithmetic-preserving positive mass-action realization	N206,N207	frontier/gates/G-DIOPHANTINE-KINETIC-COMPILER.json
G-ELLIPTIC-IMPORT-REPAIR-AND-ARITHMETIC-SOURCE	Repair invalid elliptic norm transfer and reconstruct conditional selected-place arithmetic	N519,N520,N521	frontier/gates/G-ELLIPTIC-IMPORT-REPAIR-AND-ARITHMETIC-SOURCE.json
G-ENDOTACTIC-TWO-SPECIES-ORDER-FOUR	Decide the two-species order-four explosion boundary	N227,N228,N229	frontier/gates/G-ENDOTACTIC-TWO-SPECIES-ORDER-FOUR.json
G-EPR-GLOBAL-VARIANCE-ORACLE	Acquire a general EPR counting interface beyond positive per-draw determinants	N190,N191,N192,N193	frontier/gates/G-EPR-GLOBAL-VARIANCE-ORACLE.json
G-EXACT-JOIN-RECONSTRUCTION-AND-PRECEDENCE	Review finite join characterization and recover its exact executable evidence	N500,N501,N502,N503,N504,N505,N506	frontier/gates/G-EXACT-JOIN-RECONSTRUCTION-AND-PRECEDENCE.json
G-EXTERNAL-PRIORITY-REVIEW	Obtain independent exact-contract correctness and priority review	N62,N117,N136,N148,N150	frontier/gates/G-EXTERNAL-PRIORITY-REVIEW.json
G-FACTORIAL-NONUNITAL-RAW-GAP	Decide unfiltered nonunital distinguishability and cost	N195,N200,N201	frontier/gates/G-FACTORIAL-NONUNITAL-RAW-GAP.json
G-FACTORIAL-REGULARIZED-ENTROPY	Review the all-copy log order and decide its leading coefficient	N197,N198,N199,N224,N288	frontier/gates/G-FACTORIAL-REGULARIZED-ENTROPY.json
G-FAITHFUL-KMS-BROADCAST-COMPARATOR-REVIEW	Independently reconstruct the explicit faithful KMS broadcasting amplification	N363,N364,N365,N366,N367,N330,N344,N348,N353,N357,N361	frontier/gates/G-FAITHFUL-KMS-BROADCAST-COMPARATOR-REVIEW.json
G-FIXED-FLOW-STOCHASTIC-LIFETIME-REVIEW	Externally review robust undecidable phases and lifetimes under one fixed flow	N339,N340,N341,N358,N359,N360,N362,N206,N227	frontier/gates/G-FIXED-FLOW-STOCHASTIC-LIFETIME-REVIEW.json
G-FIXED-GENERATOR-DIVISIBILITY-REVIEW	Independently reconstruct fixed-template divisibility undecidability	N464,N465,N466,N467,N468,N469	frontier/gates/G-FIXED-GENERATOR-DIVISIBILITY-REVIEW.json
G-FIXED-MAP-ALL-TENSOR-POWERS	Preserve a nontrivial fixed-map interface across every tensor power	N219,N224,N225	frontier/gates/G-FIXED-MAP-ALL-TENSOR-POWERS.json
G-FRANKL-AUXILIARY-CERTIFICATE-SCOPE	Review the exact graph-star auxiliary abundance obstruction	N376	frontier/gates/G-FRANKL-AUXILIARY-CERTIFICATE-SCOPE.json
G-GRAPH-AND-SQUARE-GFF-PROOF-REVIEW	Acquire and independently review graph-field and square-GFF chains	N424,N425,N453	frontier/gates/G-GRAPH-AND-SQUARE-GFF-PROOF-REVIEW.json
G-GROUP-RING-PREMISE-FAILURE	Resolve the positive-characteristic source discrepancy and candidate geometry	N47,N129,N65,N165,N279	frontier/gates/G-GROUP-RING-PREMISE-FAILURE.json
G-GROWTH-GLASS-EMPIRICAL-AND-REVIEW	Reconstruct observation countermodels and test their empirical interfaces	N494,N495,N496,N497,N498,N499	frontier/gates/G-GROWTH-GLASS-EMPIRICAL-AND-REVIEW.json
G-HIDDEN-EQUILIBRIUM-EXTERNAL-AND-PRIORITY	Review all-word CP dynamic incompatibility and its unrestricted equilibrium comparison	N507,N508,N509,N510,N511,N512	frontier/gates/G-HIDDEN-EQUILIBRIUM-EXTERNAL-AND-PRIORITY.json
G-INFINITY-HARMONIC-SHARP-ENDPOINT	Prove or refute the higher-dimensional one-third gradient endpoint	N401	frontier/gates/G-INFINITY-HARMONIC-SHARP-ENDPOINT.json
G-INVARIANT-INTERPRETATION-RESOURCE-REVIEW	Review precise HF/Card-ASM transfers and imported lower-bound inputs	N285,N286,N287,N298,N299,N300,N301,N302,N303,N322,N323,N400	frontier/gates/G-INVARIANT-INTERPRETATION-RESOURCE-REVIEW.json
G-LINEAGE-MOMENT-EMPIRICAL-AND-REVIEW	Validate the conditional lineage identity on actual empirical data	N460,N461,N462,N463	frontier/gates/G-LINEAGE-MOMENT-EMPIRICAL-AND-REVIEW.json
G-LOGARITHM-GENERAL-EXPONENT-TWO	Find a valid route beyond the leading algebraic norm degree cost	N324,N325,N326,N399	frontier/gates/G-LOGARITHM-GENERAL-EXPONENT-TWO.json
G-MC-SQUASHED-ENTROPY-SPECTRAL-BRIDGE	Resolve the quantum-conditioned MC or binary spectral information gate	N372,N373,N371	frontier/gates/G-MC-SQUASHED-ENTROPY-SPECTRAL-BRIDGE.json
G-ONLINE-HOPF-LAX-MATCHED-POSTERIOR-CAPABILITY	Validate the exact online PDE interface and test compiled posterior effectiveness	N480,N481,N482,N483,N484,N485	frontier/gates/G-ONLINE-HOPF-LAX-MATCHED-POSTERIOR-CAPABILITY.json
G-ORDERED-SIGN-ROUGH-BANK-INTERFACE	Close actual ordered-interface trace and adaptive crossing gates	N426,N425,N454,N455,N456,N459	frontier/gates/G-ORDERED-SIGN-ROUGH-BANK-INTERFACE.json
G-ORIGINAL-FAMILY197-ENTROPY	Decide original family-197 entropy before Bernoulli classification	N166,N167,N168,N169,N170,N253,N254,N257	frontier/gates/G-ORIGINAL-FAMILY197-ENTROPY.json
G-PERMANENCE-GLOBAL-COMPOSITION	Close global permanence geometry and viability	N33,N142,N145,N173	frontier/gates/G-PERMANENCE-GLOBAL-COMPOSITION.json
G-PETZ-MIXED-REFERENCE-TRACE	Decide the remaining mixed-reference Petz trace transfer beyond its sharp binary controls	N348,N349	frontier/gates/G-PETZ-MIXED-REFERENCE-TRACE.json
G-POSITIVE-GAUSSIAN-MATCHING-IMPORT	Acquire and validate the general matching dependency and implement the herald extension	N419,N417	frontier/gates/G-POSITIVE-GAUSSIAN-MATCHING-IMPORT.json
G-POSITIVE-MAP-FINITE-REFERENCE-REVIEW	Review the finite-reference EB definition and separable compression proof	N219,N221,N222,N226	frontier/gates/G-POSITIVE-MAP-FINITE-REFERENCE-REVIEW.json
G-PPT-COMPOSITION-SENSITIVE-WITNESS	Find a physical PPT composition witness beyond ruled-out candidates	N213,N215,N220,N225,N276,N282,N283,N284,N290	frontier/gates/G-PPT-COMPOSITION-SENSITIVE-WITNESS.json
G-PPT-SMALL-DIMENSION-DSP	Obtain a globally certified small-dimensional PPT rank obstruction	N213,N214,N217,N220	frontier/gates/G-PPT-SMALL-DIMENSION-DSP.json
G-PROJECTIVE-RATIONAL-POINT-PRESERVATION	Acquire a smooth projective hypersurface rational-point reduction	N265,N266,N267,N335,N336,N337,N338	frontier/gates/G-PROJECTIVE-RATIONAL-POINT-PRESERVATION.json
G-PURE-CB-CLASSICALITY-EXTERNAL-REVIEW	Independently validate pure-family CB-Schur classicalization and its normal extension	N407,N408,N409,N410	frontier/gates/G-PURE-CB-CLASSICALITY-EXTERNAL-REVIEW.json
G-PURE-GRAM-DIMENSION-FREE-STABILITY	Decide the weaker abstract prior-weighted trace-Gram stability problem	N397,N398,N407	frontier/gates/G-PURE-GRAM-DIMENSION-FREE-STABILITY.json
G-QUTRIT-ULTRAFINE-AND-COST	Resolve an admitted qutrit extension or total-cost bound	N148,N149	frontier/gates/G-QUTRIT-ULTRAFINE-AND-COST.json
G-RANDOM-EQUIVARIANT-MODULE-BASIS	Construct or obstruct a globally equivariant random defect-module basis	N268,N269,N270,N165,N166	frontier/gates/G-RANDOM-EQUIVARIANT-MODULE-BASIS.json
G-RANK-OR-MANIFOLD-TRANSFER	Acquire a bridge beyond rank and PL thickening obstructions	N259,N260,N261,N65,N165	frontier/gates/G-RANK-OR-MANIFOLD-TRANSFER.json
G-RARE-CERTIFICATE-ACQUISITION-AND-INDEPENDENT-REVIEW	Reconstruct rare-event certificates and acquire them without solving the original problem	N486,N487,N488,N489,N490,N491,N492,N493	frontier/gates/G-RARE-CERTIFICATE-ACQUISITION-AND-INDEPENDENT-REVIEW.json
G-REPULSIVE-TRANSPORT-EXTERNAL-REVIEW	Review radial certificate and all-N Monge existence constructions	N393,N394,N395	frontier/gates/G-REPULSIVE-TRANSPORT-EXTERNAL-REVIEW.json
G-RIESZ-GLOBAL-WEAK-PDE-REVIEW	Validate the exact weak fractional-PDE representation interface	N415,N411,N416	frontier/gates/G-RIESZ-GLOBAL-WEAK-PDE-REVIEW.json
G-RIESZ-REGULAR-LIOUVILLE-REVIEW	Independently reconstruct the full regular weighted Riesz Liouville candidate	N411,N412,N413,N414,N416	frontier/gates/G-RIESZ-REGULAR-LIOUVILLE-REVIEW.json
G-SEVEN-TIME-WITNESS-EFFICIENT-ACQUISITION	Find a useful observed equilibrium witness with acquired dependence and physical interfaces	N511,N512	frontier/gates/G-SEVEN-TIME-WITNESS-EFFICIENT-ACQUISITION.json
G-SHARP-QMS-REGULARITY-EXTERNAL-REVIEW	Externally review internally closed sharp finite QMS regularity	N342,N343,N345,N346,N347,N350	frontier/gates/G-SHARP-QMS-REGULARITY-EXTERNAL-REVIEW.json
G-SIGNED-AMPLIFIER-EPNI-WEIGHTED-CLOSURE	Independently reconstruct the internally reviewed arbitrary-input amplifier EPnI candidate	N388,N389,N390,N391,N392,N557	frontier/gates/G-SIGNED-AMPLIFIER-EPNI-WEIGHTED-CLOSURE.json
G-SINGLE-METRIC-GEOMETRY-REVIEW	Specialist review of the one-manifold harmonic limsup candidate	N175,N176,N177,N178,N396	frontier/gates/G-SINGLE-METRIC-GEOMETRY-REVIEW.json
G-SMOOTH-VARIFOLD-PSD-RECTIFIABILITY	Review smooth varifold dimension and exact PSD rectifiability interfaces	N427,N428,N447,N448,N449,N450,N451,N457,N458	frontier/gates/G-SMOOTH-VARIFOLD-PSD-RECTIFIABILITY.json
G-STEKLOV-UNIFORM-COLLAR-REVIEW	Review polar capacity, published-method attribution and matching geometry	N210,N211,N240,N262,N263,N175	frontier/gates/G-STEKLOV-UNIFORM-COLLAR-REVIEW.json
G-THERMAL-PROOF-AVAILABILITY	Acquire and audit the newer sharp thermal proof	N132,N136,N137,N141	frontier/gates/G-THERMAL-PROOF-AVAILABILITY.json
G-THERMAL-SQRT-WINDOW	Close the critical-bath distance and finite-N error gates	N131,N138,N179,N180	frontier/gates/G-THERMAL-SQRT-WINDOW.json
G-UNITAL-NOISE-BOUNDED-SCORES	Make the three-axis unital-noise separation quantitatively executable	N160,N161,N163,N164	frontier/gates/G-UNITAL-NOISE-BOUNDED-SCORES.json
G-UNIVERSAL-RECURRENCE-CONTINUUM-REVIEW	Independently reconstruct universal recurrence rigidity and its modulus boundary	N432,N433,N434,N435,N436,N437	frontier/gates/G-UNIVERSAL-RECURRENCE-CONTINUUM-REVIEW.json
G-UPPER-GROWTH-MIXED-ENERGY-VALIDATION	Independently validate the internally completed upper-growth mixed energy theorem	N451,N452	frontier/gates/G-UPPER-GROWTH-MIXED-ENERGY-VALIDATION.json
G-VARYING-MARGIN-OBSERVATIONAL-RADIUS	Decide the varying-margin all-reference or observational-radius transfer beyond bounded-capacity experiments	N93,N61,N344,N348,N349,N351,N353,N354,N384,N421	frontier/gates/G-VARYING-MARGIN-OBSERVATIONAL-RADIUS.json
G-XXZ-TRICRITICAL-NUMBER	Prove a tricritical Gibbs number law	N150,N151,N159	frontier/gates/G-XXZ-TRICRITICAL-NUMBER.json
