cell,file,group,frac,pulse,start,end,baseline,reset_velocity,initial_off,onset
210120-1-7,210120_012.txt,data/01_Without external torque,0.025,0,20.0,80.0,11.334839750682995,-0.0033981817938141335,0.011314724215777745,4.3047499999999985
210120-1-7,210120_012.txt,data/01_Without external torque,0.05,0,20.0,80.0,11.334839750682995,-0.0033981817938141335,0.011314724215777745,5.650500000000001
210120-1-7,210120_012.txt,data/01_Without external torque,0.075,0,20.0,80.0,11.334839750682995,-0.0033981817938141335,0.011314724215777745,5.66225
210120-1-7,210120_012.txt,data/01_Without external torque,0.1,0,20.0,80.0,11.334839750682995,-0.0033981817938141335,0.011314724215777745,14.734250000000003
210128-2-6,210128_015.txt,data/01_Without external torque,0.025,0,20.0,80.0,7.954839401034733,-0.049652998157269986,-0.06264634914318752,10.1465
210128-2-6,210128_015.txt,data/01_Without external torque,0.05,0,20.0,80.0,7.954839401034733,-0.049652998157269986,-0.06264634914318752,12.023249999999997
210128-2-6,210128_015.txt,data/01_Without external torque,0.075,0,20.0,80.0,7.954839401034733,-0.049652998157269986,-0.06264634914318752,16.862499999999997
210128-2-6,210128_015.txt,data/01_Without external torque,0.1,0,20.0,80.0,7.954839401034733,-0.049652998157269986,-0.06264634914318752,16.88075
201208-2-1,201208_006.txt,data/01_Without external torque,0.025,0,20.0,80.0,-34.0091897433655,0.0053412033917251515,0.0049964967275947835,
201208-2-1,201208_006.txt,data/01_Without external torque,0.05,0,20.0,80.0,-34.0091897433655,0.0053412033917251515,0.0049964967275947835,
201208-2-1,201208_006.txt,data/01_Without external torque,0.075,0,20.0,80.0,-34.0091897433655,0.0053412033917251515,0.0049964967275947835,
201208-2-1,201208_006.txt,data/01_Without external torque,0.1,0,20.0,80.0,-34.0091897433655,0.0053412033917251515,0.0049964967275947835,
210128-2-2,210128_008.txt,data/01_Without external torque,0.025,0,20.0,80.0,18.907386625123777,-0.0004293290269255611,-0.009700928450178377,3.499500000000001
210128-2-2,210128_008.txt,data/01_Without external torque,0.05,0,20.0,80.0,18.907386625123777,-0.0004293290269255611,-0.009700928450178377,3.5417500000000004
210128-2-2,210128_008.txt,data/01_Without external torque,0.075,0,20.0,80.0,18.907386625123777,-0.0004293290269255611,-0.009700928450178377,3.56325
210128-2-2,210128_008.txt,data/01_Without external torque,0.1,0,20.0,80.0,18.907386625123777,-0.0004293290269255611,-0.009700928450178377,3.5770000000000017
201208-1-2,201208_003.txt,data/01_Without external torque,0.025,0,20.0,80.0,-19.791469893505095,0.00022387795857465838,0.02509508963208612,0.10825000000000173
201208-1-2,201208_003.txt,data/01_Without external torque,0.05,0,20.0,80.0,-19.791469893505095,0.00022387795857465838,0.02509508963208612,
201208-1-2,201208_003.txt,data/01_Without external torque,0.075,0,20.0,80.0,-19.791469893505095,0.00022387795857465838,0.02509508963208612,
201208-1-2,201208_003.txt,data/01_Without external torque,0.1,0,20.0,80.0,-19.791469893505095,0.00022387795857465838,0.02509508963208612,
210120-1-5,210120_009.txt,data/01_Without external torque,0.025,0,20.0,80.0,16.418344212394395,-0.0022212270648743317,-0.022286868544219834,30.78575
210120-1-5,210120_009.txt,data/01_Without external torque,0.05,0,20.0,80.0,16.418344212394395,-0.0022212270648743317,-0.022286868544219834,31.651000000000003
210120-1-5,210120_009.txt,data/01_Without external torque,0.075,0,20.0,80.0,16.418344212394395,-0.0022212270648743317,-0.022286868544219834,31.680999999999997
210120-1-5,210120_009.txt,data/01_Without external torque,0.1,0,20.0,80.0,16.418344212394395,-0.0022212270648743317,-0.022286868544219834,31.7365
201221-1-3,201221_006.txt,data/03_Under pulse-wise external torque/01_Assisting_direction,0.025,0,20.0,21.0,8.88981425124502,0.012673528762314269,0.036971101661136554,
201221-1-3,201221_006.txt,data/03_Under pulse-wise external torque/01_Assisting_direction,0.025,1,21.5,22.5,8.88981425124502,0.012673528762314269,0.051195725742586795,0.10024999999999906
201221-1-3,201221_006.txt,data/03_Under pulse-wise external torque/01_Assisting_direction,0.05,0,20.0,21.0,8.88981425124502,0.012673528762314269,0.036971101661136554,
201221-1-3,201221_006.txt,data/03_Under pulse-wise external torque/01_Assisting_direction,0.05,1,21.5,22.5,8.88981425124502,0.012673528762314269,0.051195725742586795,
201221-1-3,201221_006.txt,data/03_Under pulse-wise external torque/01_Assisting_direction,0.05,2,23.0,24.0,8.88981425124502,0.012673528762314269,0.20783329165538883,0.10024999999999906
201221-1-3,201221_006.txt,data/03_Under pulse-wise external torque/01_Assisting_direction,0.075,0,20.0,21.0,8.88981425124502,0.012673528762314269,0.036971101661136554,
201221-1-3,201221_006.txt,data/03_Under pulse-wise external torque/01_Assisting_direction,0.075,1,21.5,22.5,8.88981425124502,0.012673528762314269,0.051195725742586795,
201221-1-3,201221_006.txt,data/03_Under pulse-wise external torque/01_Assisting_direction,0.075,2,23.0,24.0,8.88981425124502,0.012673528762314269,0.20783329165538883,0.10024999999999906
201221-1-3,201221_006.txt,data/03_Under pulse-wise external torque/01_Assisting_direction,0.1,0,20.0,21.0,8.88981425124502,0.012673528762314269,0.036971101661136554,
201221-1-3,201221_006.txt,data/03_Under pulse-wise external torque/01_Assisting_direction,0.1,1,21.5,22.5,8.88981425124502,0.012673528762314269,0.051195725742586795,
201221-1-3,201221_006.txt,data/03_Under pulse-wise external torque/01_Assisting_direction,0.1,2,23.0,24.0,8.88981425124502,0.012673528762314269,0.20783329165538883,0.1529999999999987
210118-4-2,210118_038.txt,data/03_Under pulse-wise external torque/01_Assisting_direction,0.025,0,20.0,21.0,19.532644363099703,-0.0007440883960131227,0.01301235663787143,
210118-4-2,210118_038.txt,data/03_Under pulse-wise external torque/01_Assisting_direction,0.025,1,21.5,22.5,19.532644363099703,-0.0007440883960131227,0.10693367144933401,0.10024999999999906
210118-4-2,210118_038.txt,data/03_Under pulse-wise external torque/01_Assisting_direction,0.05,0,20.0,21.0,19.532644363099703,-0.0007440883960131227,0.01301235663787143,
210118-4-2,210118_038.txt,data/03_Under pulse-wise external torque/01_Assisting_direction,0.05,1,21.5,22.5,19.532644363099703,-0.0007440883960131227,0.10693367144933401,0.10024999999999906
210118-4-2,210118_038.txt,data/03_Under pulse-wise external torque/01_Assisting_direction,0.075,0,20.0,21.0,19.532644363099703,-0.0007440883960131227,0.01301235663787143,
210118-4-2,210118_038.txt,data/03_Under pulse-wise external torque/01_Assisting_direction,0.075,1,21.5,22.5,19.532644363099703,-0.0007440883960131227,0.10693367144933401,0.10024999999999906
210118-4-2,210118_038.txt,data/03_Under pulse-wise external torque/01_Assisting_direction,0.1,0,20.0,21.0,19.532644363099703,-0.0007440883960131227,0.01301235663787143,
210118-4-2,210118_038.txt,data/03_Under pulse-wise external torque/01_Assisting_direction,0.1,1,21.5,22.5,19.532644363099703,-0.0007440883960131227,0.10693367144933401,
210118-4-2,210118_038.txt,data/03_Under pulse-wise external torque/01_Assisting_direction,0.1,2,23.0,24.0,19.532644363099703,-0.0007440883960131227,0.15574854881991607,0.10024999999999906
210118-3-1,210118_024.txt,data/03_Under pulse-wise external torque/01_Assisting_direction,0.025,0,20.0,21.0,13.861958722402965,0.005498120303409559,0.015812069709916162,
210118-3-1,210118_024.txt,data/03_Under pulse-wise external torque/01_Assisting_direction,0.025,1,21.5,22.5,13.861958722402965,0.005498120303409559,0.209586029534982,0.10024999999999906
210118-3-1,210118_024.txt,data/03_Under pulse-wise external torque/01_Assisting_direction,0.05,0,20.0,21.0,13.861958722402965,0.005498120303409559,0.015812069709916162,
210118-3-1,210118_024.txt,data/03_Under pulse-wise external torque/01_Assisting_direction,0.05,1,21.5,22.5,13.861958722402965,0.005498120303409559,0.209586029534982,0.10024999999999906
210118-3-1,210118_024.txt,data/03_Under pulse-wise external torque/01_Assisting_direction,0.075,0,20.0,21.0,13.861958722402965,0.005498120303409559,0.015812069709916162,
210118-3-1,210118_024.txt,data/03_Under pulse-wise external torque/01_Assisting_direction,0.075,1,21.5,22.5,13.861958722402965,0.005498120303409559,0.209586029534982,0.1322499999999991
210118-3-1,210118_024.txt,data/03_Under pulse-wise external torque/01_Assisting_direction,0.1,0,20.0,21.0,13.861958722402965,0.005498120303409559,0.015812069709916162,
210118-3-1,210118_024.txt,data/03_Under pulse-wise external torque/01_Assisting_direction,0.1,1,21.5,22.5,13.861958722402965,0.005498120303409559,0.209586029534982,0.17224999999999824
201222-2-4,201222_019.txt,data/03_Under pulse-wise external torque/01_Assisting_direction,0.025,0,20.0,21.0,22.149295392481505,-0.0001394146808575673,-0.003857644889011242,
201222-2-4,201222_019.txt,data/03_Under pulse-wise external torque/01_Assisting_direction,0.025,1,21.5,22.5,22.149295392481505,-0.0001394146808575673,0.017688377300441552,
201222-2-4,201222_019.txt,data/03_Under pulse-wise external torque/01_Assisting_direction,0.025,2,23.0,24.0,22.149295392481505,-0.0001394146808575673,-0.011217615452065132,
201222-2-4,201222_019.txt,data/03_Under pulse-wise external torque/01_Assisting_direction,0.025,3,24.5,25.5,22.149295392481505,-0.0001394146808575673,0.03169075689335447,
201222-2-4,201222_019.txt,data/03_Under pulse-wise external torque/01_Assisting_direction,0.025,4,26.0,27.0,22.149295392481505,-0.0001394146808575673,0.006724789906192933,
201222-2-4,201222_019.txt,data/03_Under pulse-wise external torque/01_Assisting_direction,0.025,5,27.5,28.5,22.149295392481505,-0.0001394146808575673,0.007571481113356344,
201222-2-4,201222_019.txt,data/03_Under pulse-wise external torque/01_Assisting_direction,0.025,6,29.0,30.0,22.149295392481505,-0.0001394146808575673,-0.013092783582805849,
201222-2-4,201222_019.txt,data/03_Under pulse-wise external torque/01_Assisting_direction,0.025,7,30.5,31.5,22.149295392481505,-0.0001394146808575673,0.014450589170428213,0.34224999999999994
201222-2-4,201222_019.txt,data/03_Under pulse-wise external torque/01_Assisting_direction,0.05,0,20.0,21.0,22.149295392481505,-0.0001394146808575673,-0.003857644889011242,
201222-2-4,201222_019.txt,data/03_Under pulse-wise external torque/01_Assisting_direction,0.05,1,21.5,22.5,22.149295392481505,-0.0001394146808575673,0.017688377300441552,
201222-2-4,201222_019.txt,data/03_Under pulse-wise external torque/01_Assisting_direction,0.05,2,23.0,24.0,22.149295392481505,-0.0001394146808575673,-0.011217615452065132,
201222-2-4,201222_019.txt,data/03_Under pulse-wise external torque/01_Assisting_direction,0.05,3,24.5,25.5,22.149295392481505,-0.0001394146808575673,0.03169075689335447,
201222-2-4,201222_019.txt,data/03_Under pulse-wise external torque/01_Assisting_direction,0.05,4,26.0,27.0,22.149295392481505,-0.0001394146808575673,0.006724789906192933,
201222-2-4,201222_019.txt,data/03_Under pulse-wise external torque/01_Assisting_direction,0.05,5,27.5,28.5,22.149295392481505,-0.0001394146808575673,0.007571481113356344,
201222-2-4,201222_019.txt,data/03_Under pulse-wise external torque/01_Assisting_direction,0.05,6,29.0,30.0,22.149295392481505,-0.0001394146808575673,-0.013092783582805849,
201222-2-4,201222_019.txt,data/03_Under pulse-wise external torque/01_Assisting_direction,0.05,7,30.5,31.5,22.149295392481505,-0.0001394146808575673,0.014450589170428213,0.35549999999999926
201222-2-4,201222_019.txt,data/03_Under pulse-wise external torque/01_Assisting_direction,0.075,0,20.0,21.0,22.149295392481505,-0.0001394146808575673,-0.003857644889011242,
201222-2-4,201222_019.txt,data/03_Under pulse-wise external torque/01_Assisting_direction,0.075,1,21.5,22.5,22.149295392481505,-0.0001394146808575673,0.017688377300441552,
201222-2-4,201222_019.txt,data/03_Under pulse-wise external torque/01_Assisting_direction,0.075,2,23.0,24.0,22.149295392481505,-0.0001394146808575673,-0.011217615452065132,
201222-2-4,201222_019.txt,data/03_Under pulse-wise external torque/01_Assisting_direction,0.075,3,24.5,25.5,22.149295392481505,-0.0001394146808575673,0.03169075689335447,
201222-2-4,201222_019.txt,data/03_Under pulse-wise external torque/01_Assisting_direction,0.075,4,26.0,27.0,22.149295392481505,-0.0001394146808575673,0.006724789906192933,
201222-2-4,201222_019.txt,data/03_Under pulse-wise external torque/01_Assisting_direction,0.075,5,27.5,28.5,22.149295392481505,-0.0001394146808575673,0.007571481113356344,
201222-2-4,201222_019.txt,data/03_Under pulse-wise external torque/01_Assisting_direction,0.075,6,29.0,30.0,22.149295392481505,-0.0001394146808575673,-0.013092783582805849,
201222-2-4,201222_019.txt,data/03_Under pulse-wise external torque/01_Assisting_direction,0.075,7,30.5,31.5,22.149295392481505,-0.0001394146808575673,0.014450589170428213,
201222-2-4,201222_019.txt,data/03_Under pulse-wise external torque/01_Assisting_direction,0.075,8,32.0,33.0,22.149295392481505,-0.0001394146808575673,0.06804589305518773,0.5579999999999998
201222-2-4,201222_019.txt,data/03_Under pulse-wise external torque/01_Assisting_direction,0.1,0,20.0,21.0,22.149295392481505,-0.0001394146808575673,-0.003857644889011242,
201222-2-4,201222_019.txt,data/03_Under pulse-wise external torque/01_Assisting_direction,0.1,1,21.5,22.5,22.149295392481505,-0.0001394146808575673,0.017688377300441552,
201222-2-4,201222_019.txt,data/03_Under pulse-wise external torque/01_Assisting_direction,0.1,2,23.0,24.0,22.149295392481505,-0.0001394146808575673,-0.011217615452065132,
201222-2-4,201222_019.txt,data/03_Under pulse-wise external torque/01_Assisting_direction,0.1,3,24.5,25.5,22.149295392481505,-0.0001394146808575673,0.03169075689335447,
201222-2-4,201222_019.txt,data/03_Under pulse-wise external torque/01_Assisting_direction,0.1,4,26.0,27.0,22.149295392481505,-0.0001394146808575673,0.006724789906192933,
201222-2-4,201222_019.txt,data/03_Under pulse-wise external torque/01_Assisting_direction,0.1,5,27.5,28.5,22.149295392481505,-0.0001394146808575673,0.007571481113356344,
201222-2-4,201222_019.txt,data/03_Under pulse-wise external torque/01_Assisting_direction,0.1,6,29.0,30.0,22.149295392481505,-0.0001394146808575673,-0.013092783582805849,
201222-2-4,201222_019.txt,data/03_Under pulse-wise external torque/01_Assisting_direction,0.1,7,30.5,31.5,22.149295392481505,-0.0001394146808575673,0.014450589170428213,
201222-2-4,201222_019.txt,data/03_Under pulse-wise external torque/01_Assisting_direction,0.1,8,32.0,33.0,22.149295392481505,-0.0001394146808575673,0.06804589305518773,0.568249999999999
201218-2-3,201218_016.txt,data/03_Under pulse-wise external torque/01_Assisting_direction,0.025,0,20.0,21.0,-8.037262421528265,0.02711815219965006,0.06338904435323862,0.10849999999999937
201218-2-3,201218_016.txt,data/03_Under pulse-wise external torque/01_Assisting_direction,0.05,0,20.0,21.0,-8.037262421528265,0.02711815219965006,0.06338904435323862,
201218-2-3,201218_016.txt,data/03_Under pulse-wise external torque/01_Assisting_direction,0.05,1,21.5,22.5,-8.037262421528265,0.02711815219965006,-0.06487420024553421,
201218-2-3,201218_016.txt,data/03_Under pulse-wise external torque/01_Assisting_direction,0.05,2,23.0,24.0,-8.037262421528265,0.02711815219965006,-0.48041937261160617,
201218-2-3,201218_016.txt,data/03_Under pulse-wise external torque/01_Assisting_direction,0.05,3,24.5,25.5,-8.037262421528265,0.02711815219965006,-0.4106439177491807,
201218-2-3,201218_016.txt,data/03_Under pulse-wise external torque/01_Assisting_direction,0.05,4,26.0,27.0,-8.037262421528265,0.02711815219965006,-0.5487496586426701,
201218-2-3,201218_016.txt,data/03_Under pulse-wise external torque/01_Assisting_direction,0.05,5,27.5,28.5,-8.037262421528265,0.02711815219965006,-0.6365982967352161,
201218-2-3,201218_016.txt,data/03_Under pulse-wise external torque/01_Assisting_direction,0.05,6,29.0,30.0,-8.037262421528265,0.02711815219965006,-0.6999810839252149,
201218-2-3,201218_016.txt,data/03_Under pulse-wise external torque/01_Assisting_direction,0.05,7,30.5,31.5,-8.037262421528265,0.02711815219965006,-0.8558612371650401,
201218-2-3,201218_016.txt,data/03_Under pulse-wise external torque/01_Assisting_direction,0.05,8,32.0,33.0,-8.037262421528265,0.02711815219965006,-0.90693724439579,
201218-2-3,201218_016.txt,data/03_Under pulse-wise external torque/01_Assisting_direction,0.05,9,33.5,34.5,-8.037262421528265,0.02711815219965006,-0.8444084693316704,
201218-2-3,201218_016.txt,data/03_Under pulse-wise external torque/01_Assisting_direction,0.05,10,35.0,36.0,-8.037262421528265,0.02711815219965006,-0.8104277994683068,
201218-2-3,201218_016.txt,data/03_Under pulse-wise external torque/01_Assisting_direction,0.05,11,36.5,37.5,-8.037262421528265,0.02711815219965006,-0.9137321557388941,
201218-2-3,201218_016.txt,data/03_Under pulse-wise external torque/01_Assisting_direction,0.05,12,38.0,39.0,-8.037262421528265,0.02711815219965006,-0.9314094507866366,
201218-2-3,201218_016.txt,data/03_Under pulse-wise external torque/01_Assisting_direction,0.05,13,39.5,40.5,-8.037262421528265,0.02711815219965006,-0.9474887188879824,
201218-2-3,201218_016.txt,data/03_Under pulse-wise external torque/01_Assisting_direction,0.05,14,41.0,42.0,-8.037262421528265,0.02711815219965006,-0.932181490296949,
201218-2-3,201218_016.txt,data/03_Under pulse-wise external torque/01_Assisting_direction,0.05,15,42.5,43.5,-8.037262421528265,0.02711815219965006,-0.982410102614358,
201218-2-3,201218_016.txt,data/03_Under pulse-wise external torque/01_Assisting_direction,0.05,16,44.0,45.0,-8.037262421528265,0.02711815219965006,-0.9179161050662769,
201218-2-3,201218_016.txt,data/03_Under pulse-wise external torque/01_Assisting_direction,0.05,17,45.5,46.5,-8.037262421528265,0.02711815219965006,-0.9575841093679432,
201218-2-3,201218_016.txt,data/03_Under pulse-wise external torque/01_Assisting_direction,0.05,18,47.0,48.0,-8.037262421528265,0.02711815219965006,-1.0231693525979537,
201218-2-3,201218_016.txt,data/03_Under pulse-wise external torque/01_Assisting_direction,0.05,19,48.5,49.5,-8.037262421528265,0.02711815219965006,-1.031224744306694,
201218-2-3,201218_016.txt,data/03_Under pulse-wise external torque/01_Assisting_direction,0.075,0,20.0,21.0,-8.037262421528265,0.02711815219965006,0.06338904435323862,
201218-2-3,201218_016.txt,data/03_Under pulse-wise external torque/01_Assisting_direction,0.075,1,21.5,22.5,-8.037262421528265,0.02711815219965006,-0.06487420024553421,
201218-2-3,201218_016.txt,data/03_Under pulse-wise external torque/01_Assisting_direction,0.075,2,23.0,24.0,-8.037262421528265,0.02711815219965006,-0.48041937261160617,
201218-2-3,201218_016.txt,data/03_Under pulse-wise external torque/01_Assisting_direction,0.075,3,24.5,25.5,-8.037262421528265,0.02711815219965006,-0.4106439177491807,
201218-2-3,201218_016.txt,data/03_Under pulse-wise external torque/01_Assisting_direction,0.075,4,26.0,27.0,-8.037262421528265,0.02711815219965006,-0.5487496586426701,
201218-2-3,201218_016.txt,data/03_Under pulse-wise external torque/01_Assisting_direction,0.075,5,27.5,28.5,-8.037262421528265,0.02711815219965006,-0.6365982967352161,
201218-2-3,201218_016.txt,data/03_Under pulse-wise external torque/01_Assisting_direction,0.075,6,29.0,30.0,-8.037262421528265,0.02711815219965006,-0.6999810839252149,
201218-2-3,201218_016.txt,data/03_Under pulse-wise external torque/01_Assisting_direction,0.075,7,30.5,31.5,-8.037262421528265,0.02711815219965006,-0.8558612371650401,
201218-2-3,201218_016.txt,data/03_Under pulse-wise external torque/01_Assisting_direction,0.075,8,32.0,33.0,-8.037262421528265,0.02711815219965006,-0.90693724439579,
201218-2-3,201218_016.txt,data/03_Under pulse-wise external torque/01_Assisting_direction,0.075,9,33.5,34.5,-8.037262421528265,0.02711815219965006,-0.8444084693316704,
201218-2-3,201218_016.txt,data/03_Under pulse-wise external torque/01_Assisting_direction,0.075,10,35.0,36.0,-8.037262421528265,0.02711815219965006,-0.8104277994683068,
201218-2-3,201218_016.txt,data/03_Under pulse-wise external torque/01_Assisting_direction,0.075,11,36.5,37.5,-8.037262421528265,0.02711815219965006,-0.9137321557388941,
201218-2-3,201218_016.txt,data/03_Under pulse-wise external torque/01_Assisting_direction,0.075,12,38.0,39.0,-8.037262421528265,0.02711815219965006,-0.9314094507866366,
201218-2-3,201218_016.txt,data/03_Under pulse-wise external torque/01_Assisting_direction,0.075,13,39.5,40.5,-8.037262421528265,0.02711815219965006,-0.9474887188879824,
201218-2-3,201218_016.txt,data/03_Under pulse-wise external torque/01_Assisting_direction,0.075,14,41.0,42.0,-8.037262421528265,0.02711815219965006,-0.932181490296949,
201218-2-3,201218_016.txt,data/03_Under pulse-wise external torque/01_Assisting_direction,0.075,15,42.5,43.5,-8.037262421528265,0.02711815219965006,-0.982410102614358,
201218-2-3,201218_016.txt,data/03_Under pulse-wise external torque/01_Assisting_direction,0.075,16,44.0,45.0,-8.037262421528265,0.02711815219965006,-0.9179161050662769,
201218-2-3,201218_016.txt,data/03_Under pulse-wise external torque/01_Assisting_direction,0.075,17,45.5,46.5,-8.037262421528265,0.02711815219965006,-0.9575841093679432,
201218-2-3,201218_016.txt,data/03_Under pulse-wise external torque/01_Assisting_direction,0.075,18,47.0,48.0,-8.037262421528265,0.02711815219965006,-1.0231693525979537,
201218-2-3,201218_016.txt,data/03_Under pulse-wise external torque/01_Assisting_direction,0.075,19,48.5,49.5,-8.037262421528265,0.02711815219965006,-1.031224744306694,
201218-2-3,201218_016.txt,data/03_Under pulse-wise external torque/01_Assisting_direction,0.1,0,20.0,21.0,-8.037262421528265,0.02711815219965006,0.06338904435323862,
201218-2-3,201218_016.txt,data/03_Under pulse-wise external torque/01_Assisting_direction,0.1,1,21.5,22.5,-8.037262421528265,0.02711815219965006,-0.06487420024553421,
201218-2-3,201218_016.txt,data/03_Under pulse-wise external torque/01_Assisting_direction,0.1,2,23.0,24.0,-8.037262421528265,0.02711815219965006,-0.48041937261160617,
201218-2-3,201218_016.txt,data/03_Under pulse-wise external torque/01_Assisting_direction,0.1,3,24.5,25.5,-8.037262421528265,0.02711815219965006,-0.4106439177491807,
201218-2-3,201218_016.txt,data/03_Under pulse-wise external torque/01_Assisting_direction,0.1,4,26.0,27.0,-8.037262421528265,0.02711815219965006,-0.5487496586426701,
201218-2-3,201218_016.txt,data/03_Under pulse-wise external torque/01_Assisting_direction,0.1,5,27.5,28.5,-8.037262421528265,0.02711815219965006,-0.6365982967352161,
201218-2-3,201218_016.txt,data/03_Under pulse-wise external torque/01_Assisting_direction,0.1,6,29.0,30.0,-8.037262421528265,0.02711815219965006,-0.6999810839252149,
201218-2-3,201218_016.txt,data/03_Under pulse-wise external torque/01_Assisting_direction,0.1,7,30.5,31.5,-8.037262421528265,0.02711815219965006,-0.8558612371650401,
201218-2-3,201218_016.txt,data/03_Under pulse-wise external torque/01_Assisting_direction,0.1,8,32.0,33.0,-8.037262421528265,0.02711815219965006,-0.90693724439579,
201218-2-3,201218_016.txt,data/03_Under pulse-wise external torque/01_Assisting_direction,0.1,9,33.5,34.5,-8.037262421528265,0.02711815219965006,-0.8444084693316704,
201218-2-3,201218_016.txt,data/03_Under pulse-wise external torque/01_Assisting_direction,0.1,10,35.0,36.0,-8.037262421528265,0.02711815219965006,-0.8104277994683068,
201218-2-3,201218_016.txt,data/03_Under pulse-wise external torque/01_Assisting_direction,0.1,11,36.5,37.5,-8.037262421528265,0.02711815219965006,-0.9137321557388941,
201218-2-3,201218_016.txt,data/03_Under pulse-wise external torque/01_Assisting_direction,0.1,12,38.0,39.0,-8.037262421528265,0.02711815219965006,-0.9314094507866366,
201218-2-3,201218_016.txt,data/03_Under pulse-wise external torque/01_Assisting_direction,0.1,13,39.5,40.5,-8.037262421528265,0.02711815219965006,-0.9474887188879824,
201218-2-3,201218_016.txt,data/03_Under pulse-wise external torque/01_Assisting_direction,0.1,14,41.0,42.0,-8.037262421528265,0.02711815219965006,-0.932181490296949,
201218-2-3,201218_016.txt,data/03_Under pulse-wise external torque/01_Assisting_direction,0.1,15,42.5,43.5,-8.037262421528265,0.02711815219965006,-0.982410102614358,
201218-2-3,201218_016.txt,data/03_Under pulse-wise external torque/01_Assisting_direction,0.1,16,44.0,45.0,-8.037262421528265,0.02711815219965006,-0.9179161050662769,
201218-2-3,201218_016.txt,data/03_Under pulse-wise external torque/01_Assisting_direction,0.1,17,45.5,46.5,-8.037262421528265,0.02711815219965006,-0.9575841093679432,
201218-2-3,201218_016.txt,data/03_Under pulse-wise external torque/01_Assisting_direction,0.1,18,47.0,48.0,-8.037262421528265,0.02711815219965006,-1.0231693525979537,
201218-2-3,201218_016.txt,data/03_Under pulse-wise external torque/01_Assisting_direction,0.1,19,48.5,49.5,-8.037262421528265,0.02711815219965006,-1.031224744306694,
210107-1-6,210107_011.txt,data/03_Under pulse-wise external torque/01_Assisting_direction,0.025,0,20.0,21.0,7.462164649011806,-0.005085176275114821,0.08135585693378375,0.10024999999999906
210107-1-6,210107_011.txt,data/03_Under pulse-wise external torque/01_Assisting_direction,0.05,0,20.0,21.0,7.462164649011806,-0.005085176275114821,0.08135585693378375,0.10024999999999906
210107-1-6,210107_011.txt,data/03_Under pulse-wise external torque/01_Assisting_direction,0.075,0,20.0,21.0,7.462164649011806,-0.005085176275114821,0.08135585693378375,0.10024999999999906
210107-1-6,210107_011.txt,data/03_Under pulse-wise external torque/01_Assisting_direction,0.1,0,20.0,21.0,7.462164649011806,-0.005085176275114821,0.08135585693378375,
210107-1-6,210107_011.txt,data/03_Under pulse-wise external torque/01_Assisting_direction,0.1,1,21.5,22.5,7.462164649011806,-0.005085176275114821,0.020843664152353582,
210107-1-6,210107_011.txt,data/03_Under pulse-wise external torque/01_Assisting_direction,0.1,2,23.0,24.0,7.462164649011806,-0.005085176275114821,0.09062719531246494,
210107-1-6,210107_011.txt,data/03_Under pulse-wise external torque/01_Assisting_direction,0.1,3,24.5,25.5,7.462164649011806,-0.005085176275114821,0.31548180381329677,0.10024999999999906
210113-2-1,210113_018.txt,data/03_Under pulse-wise external torque/01_Assisting_direction,0.025,0,20.0,21.0,21.26129260204713,-0.01936546224738626,-0.01996140392999843,
210113-2-1,210113_018.txt,data/03_Under pulse-wise external torque/01_Assisting_direction,0.025,1,21.5,22.5,21.26129260204713,-0.01936546224738626,0.07731026427118644,0.1407500000000006
210113-2-1,210113_018.txt,data/03_Under pulse-wise external torque/01_Assisting_direction,0.05,0,20.0,21.0,21.26129260204713,-0.01936546224738626,-0.01996140392999843,
210113-2-1,210113_018.txt,data/03_Under pulse-wise external torque/01_Assisting_direction,0.05,1,21.5,22.5,21.26129260204713,-0.01936546224738626,0.07731026427118644,0.5852499999999985
210113-2-1,210113_018.txt,data/03_Under pulse-wise external torque/01_Assisting_direction,0.075,0,20.0,21.0,21.26129260204713,-0.01936546224738626,-0.01996140392999843,
210113-2-1,210113_018.txt,data/03_Under pulse-wise external torque/01_Assisting_direction,0.075,1,21.5,22.5,21.26129260204713,-0.01936546224738626,0.07731026427118644,0.6030000000000015
210113-2-1,210113_018.txt,data/03_Under pulse-wise external torque/01_Assisting_direction,0.1,0,20.0,21.0,21.26129260204713,-0.01936546224738626,-0.01996140392999843,
210113-2-1,210113_018.txt,data/03_Under pulse-wise external torque/01_Assisting_direction,0.1,1,21.5,22.5,21.26129260204713,-0.01936546224738626,0.07731026427118644,
210113-2-1,210113_018.txt,data/03_Under pulse-wise external torque/01_Assisting_direction,0.1,2,23.0,24.0,21.26129260204713,-0.01936546224738626,0.06845234698785406,
210113-2-1,210113_018.txt,data/03_Under pulse-wise external torque/01_Assisting_direction,0.1,3,24.5,25.5,21.26129260204713,-0.01936546224738626,0.04533710798293361,
210113-2-1,210113_018.txt,data/03_Under pulse-wise external torque/01_Assisting_direction,0.1,4,26.0,27.0,21.26129260204713,-0.01936546224738626,0.03326240621551721,0.3674999999999997
201227-4-3,201227_056.txt,data/03_Under pulse-wise external torque/01_Assisting_direction,0.025,0,20.0,21.0,15.892621503852315,0.0011116377869847627,-0.0018478367931897264,
201227-4-3,201227_056.txt,data/03_Under pulse-wise external torque/01_Assisting_direction,0.025,1,21.5,22.5,15.892621503852315,0.0011116377869847627,0.09684717666214303,0.10024999999999906
201227-4-3,201227_056.txt,data/03_Under pulse-wise external torque/01_Assisting_direction,0.05,0,20.0,21.0,15.892621503852315,0.0011116377869847627,-0.0018478367931897264,
201227-4-3,201227_056.txt,data/03_Under pulse-wise external torque/01_Assisting_direction,0.05,1,21.5,22.5,15.892621503852315,0.0011116377869847627,0.09684717666214303,0.10024999999999906
201227-4-3,201227_056.txt,data/03_Under pulse-wise external torque/01_Assisting_direction,0.075,0,20.0,21.0,15.892621503852315,0.0011116377869847627,-0.0018478367931897264,
201227-4-3,201227_056.txt,data/03_Under pulse-wise external torque/01_Assisting_direction,0.075,1,21.5,22.5,15.892621503852315,0.0011116377869847627,0.09684717666214303,0.10024999999999906
201227-4-3,201227_056.txt,data/03_Under pulse-wise external torque/01_Assisting_direction,0.1,0,20.0,21.0,15.892621503852315,0.0011116377869847627,-0.0018478367931897264,
201227-4-3,201227_056.txt,data/03_Under pulse-wise external torque/01_Assisting_direction,0.1,1,21.5,22.5,15.892621503852315,0.0011116377869847627,0.09684717666214303,
201227-4-3,201227_056.txt,data/03_Under pulse-wise external torque/01_Assisting_direction,0.1,2,23.0,24.0,15.892621503852315,0.0011116377869847627,0.030944710353201663,
201227-4-3,201227_056.txt,data/03_Under pulse-wise external torque/01_Assisting_direction,0.1,3,24.5,25.5,15.892621503852315,0.0011116377869847627,0.0279128528324977,0.31650000000000134
201224-1-3,201224_005.txt,data/03_Under pulse-wise external torque/02_Hidering_direction,0.025,0,20.0,21.0,17.50006370572821,0.04446664778370891,0.000674773903083294,0.348749999999999
201224-1-3,201224_005.txt,data/03_Under pulse-wise external torque/02_Hidering_direction,0.05,0,20.0,21.0,17.50006370572821,0.04446664778370891,0.000674773903083294,0.3614999999999995
201224-1-3,201224_005.txt,data/03_Under pulse-wise external torque/02_Hidering_direction,0.075,0,20.0,21.0,17.50006370572821,0.04446664778370891,0.000674773903083294,0.370750000000001
201224-1-3,201224_005.txt,data/03_Under pulse-wise external torque/02_Hidering_direction,0.1,0,20.0,21.0,17.50006370572821,0.04446664778370891,0.000674773903083294,0.3802500000000002
201226-1-1,201226_002.txt,data/03_Under pulse-wise external torque/02_Hidering_direction,0.025,0,20.0,21.0,21.258081581613123,-0.0014330727434847936,-0.016341546563427605,
201226-1-1,201226_002.txt,data/03_Under pulse-wise external torque/02_Hidering_direction,0.025,1,21.5,22.5,21.258081581613123,-0.0014330727434847936,-0.036140373353907525,
201226-1-1,201226_002.txt,data/03_Under pulse-wise external torque/02_Hidering_direction,0.025,2,23.0,24.0,21.258081581613123,-0.0014330727434847936,-0.027265566728675687,
201226-1-1,201226_002.txt,data/03_Under pulse-wise external torque/02_Hidering_direction,0.025,3,24.5,25.5,21.258081581613123,-0.0014330727434847936,0.007068304592348028,
201226-1-1,201226_002.txt,data/03_Under pulse-wise external torque/02_Hidering_direction,0.025,4,26.0,27.0,21.258081581613123,-0.0014330727434847936,-0.020189757547698896,
201226-1-1,201226_002.txt,data/03_Under pulse-wise external torque/02_Hidering_direction,0.025,5,27.5,28.5,21.258081581613123,-0.0014330727434847936,0.1397020595838287,0.10024999999999906
201226-1-1,201226_002.txt,data/03_Under pulse-wise external torque/02_Hidering_direction,0.05,0,20.0,21.0,21.258081581613123,-0.0014330727434847936,-0.016341546563427605,
201226-1-1,201226_002.txt,data/03_Under pulse-wise external torque/02_Hidering_direction,0.05,1,21.5,22.5,21.258081581613123,-0.0014330727434847936,-0.036140373353907525,
201226-1-1,201226_002.txt,data/03_Under pulse-wise external torque/02_Hidering_direction,0.05,2,23.0,24.0,21.258081581613123,-0.0014330727434847936,-0.027265566728675687,
201226-1-1,201226_002.txt,data/03_Under pulse-wise external torque/02_Hidering_direction,0.05,3,24.5,25.5,21.258081581613123,-0.0014330727434847936,0.007068304592348028,
201226-1-1,201226_002.txt,data/03_Under pulse-wise external torque/02_Hidering_direction,0.05,4,26.0,27.0,21.258081581613123,-0.0014330727434847936,-0.020189757547698896,
201226-1-1,201226_002.txt,data/03_Under pulse-wise external torque/02_Hidering_direction,0.05,5,27.5,28.5,21.258081581613123,-0.0014330727434847936,0.1397020595838287,0.10075000000000145
201226-1-1,201226_002.txt,data/03_Under pulse-wise external torque/02_Hidering_direction,0.075,0,20.0,21.0,21.258081581613123,-0.0014330727434847936,-0.016341546563427605,
201226-1-1,201226_002.txt,data/03_Under pulse-wise external torque/02_Hidering_direction,0.075,1,21.5,22.5,21.258081581613123,-0.0014330727434847936,-0.036140373353907525,
201226-1-1,201226_002.txt,data/03_Under pulse-wise external torque/02_Hidering_direction,0.075,2,23.0,24.0,21.258081581613123,-0.0014330727434847936,-0.027265566728675687,
201226-1-1,201226_002.txt,data/03_Under pulse-wise external torque/02_Hidering_direction,0.075,3,24.5,25.5,21.258081581613123,-0.0014330727434847936,0.007068304592348028,
201226-1-1,201226_002.txt,data/03_Under pulse-wise external torque/02_Hidering_direction,0.075,4,26.0,27.0,21.258081581613123,-0.0014330727434847936,-0.020189757547698896,
201226-1-1,201226_002.txt,data/03_Under pulse-wise external torque/02_Hidering_direction,0.075,5,27.5,28.5,21.258081581613123,-0.0014330727434847936,0.1397020595838287,0.10200000000000031
201226-1-1,201226_002.txt,data/03_Under pulse-wise external torque/02_Hidering_direction,0.1,0,20.0,21.0,21.258081581613123,-0.0014330727434847936,-0.016341546563427605,
201226-1-1,201226_002.txt,data/03_Under pulse-wise external torque/02_Hidering_direction,0.1,1,21.5,22.5,21.258081581613123,-0.0014330727434847936,-0.036140373353907525,
201226-1-1,201226_002.txt,data/03_Under pulse-wise external torque/02_Hidering_direction,0.1,2,23.0,24.0,21.258081581613123,-0.0014330727434847936,-0.027265566728675687,
201226-1-1,201226_002.txt,data/03_Under pulse-wise external torque/02_Hidering_direction,0.1,3,24.5,25.5,21.258081581613123,-0.0014330727434847936,0.007068304592348028,
201226-1-1,201226_002.txt,data/03_Under pulse-wise external torque/02_Hidering_direction,0.1,4,26.0,27.0,21.258081581613123,-0.0014330727434847936,-0.020189757547698896,
201226-1-1,201226_002.txt,data/03_Under pulse-wise external torque/02_Hidering_direction,0.1,5,27.5,28.5,21.258081581613123,-0.0014330727434847936,0.1397020595838287,0.10350000000000037
201227-1-3,201227_007.txt,data/03_Under pulse-wise external torque/02_Hidering_direction,0.025,0,20.0,21.0,15.040901711288944,0.005531591678423338,0.005475013028019131,
201227-1-3,201227_007.txt,data/03_Under pulse-wise external torque/02_Hidering_direction,0.025,1,21.5,22.5,15.040901711288944,0.005531591678423338,0.24506819201877514,0.10024999999999906
201227-1-3,201227_007.txt,data/03_Under pulse-wise external torque/02_Hidering_direction,0.05,0,20.0,21.0,15.040901711288944,0.005531591678423338,0.005475013028019131,
201227-1-3,201227_007.txt,data/03_Under pulse-wise external torque/02_Hidering_direction,0.05,1,21.5,22.5,15.040901711288944,0.005531591678423338,0.24506819201877514,0.10024999999999906
201227-1-3,201227_007.txt,data/03_Under pulse-wise external torque/02_Hidering_direction,0.075,0,20.0,21.0,15.040901711288944,0.005531591678423338,0.005475013028019131,
201227-1-3,201227_007.txt,data/03_Under pulse-wise external torque/02_Hidering_direction,0.075,1,21.5,22.5,15.040901711288944,0.005531591678423338,0.24506819201877514,0.10024999999999906
201227-1-3,201227_007.txt,data/03_Under pulse-wise external torque/02_Hidering_direction,0.1,0,20.0,21.0,15.040901711288944,0.005531591678423338,0.005475013028019131,
201227-1-3,201227_007.txt,data/03_Under pulse-wise external torque/02_Hidering_direction,0.1,1,21.5,22.5,15.040901711288944,0.005531591678423338,0.24506819201877514,0.10024999999999906
201223-2-8,201223_023.txt,data/03_Under pulse-wise external torque/02_Hidering_direction,0.025,0,20.0,21.0,17.401658043711638,-0.012643717184118034,0.00395556914534605,
201223-2-8,201223_023.txt,data/03_Under pulse-wise external torque/02_Hidering_direction,0.025,1,21.5,22.5,17.401658043711638,-0.012643717184118034,0.09915356026190131,0.10024999999999906
201223-2-8,201223_023.txt,data/03_Under pulse-wise external torque/02_Hidering_direction,0.05,0,20.0,21.0,17.401658043711638,-0.012643717184118034,0.00395556914534605,
201223-2-8,201223_023.txt,data/03_Under pulse-wise external torque/02_Hidering_direction,0.05,1,21.5,22.5,17.401658043711638,-0.012643717184118034,0.09915356026190131,0.10024999999999906
201223-2-8,201223_023.txt,data/03_Under pulse-wise external torque/02_Hidering_direction,0.075,0,20.0,21.0,17.401658043711638,-0.012643717184118034,0.00395556914534605,
201223-2-8,201223_023.txt,data/03_Under pulse-wise external torque/02_Hidering_direction,0.075,1,21.5,22.5,17.401658043711638,-0.012643717184118034,0.09915356026190131,0.10024999999999906
201223-2-8,201223_023.txt,data/03_Under pulse-wise external torque/02_Hidering_direction,0.1,0,20.0,21.0,17.401658043711638,-0.012643717184118034,0.00395556914534605,
201223-2-8,201223_023.txt,data/03_Under pulse-wise external torque/02_Hidering_direction,0.1,1,21.5,22.5,17.401658043711638,-0.012643717184118034,0.09915356026190131,0.28300000000000125
210106-3-1,210106_035.txt,data/03_Under pulse-wise external torque/02_Hidering_direction,0.025,0,20.0,21.0,11.711714283366215,-0.0014170519384194668,-0.03475993406722755,
210106-3-1,210106_035.txt,data/03_Under pulse-wise external torque/02_Hidering_direction,0.025,1,21.5,22.5,11.711714283366215,-0.0014170519384194668,0.01737389221817444,
210106-3-1,210106_035.txt,data/03_Under pulse-wise external torque/02_Hidering_direction,0.025,2,23.0,24.0,11.711714283366215,-0.0014170519384194668,0.012178151420198277,
210106-3-1,210106_035.txt,data/03_Under pulse-wise external torque/02_Hidering_direction,0.025,3,24.5,25.5,11.711714283366215,-0.0014170519384194668,0.153711833621801,0.1022500000000015
210106-3-1,210106_035.txt,data/03_Under pulse-wise external torque/02_Hidering_direction,0.05,0,20.0,21.0,11.711714283366215,-0.0014170519384194668,-0.03475993406722755,
210106-3-1,210106_035.txt,data/03_Under pulse-wise external torque/02_Hidering_direction,0.05,1,21.5,22.5,11.711714283366215,-0.0014170519384194668,0.01737389221817444,
210106-3-1,210106_035.txt,data/03_Under pulse-wise external torque/02_Hidering_direction,0.05,2,23.0,24.0,11.711714283366215,-0.0014170519384194668,0.012178151420198277,
210106-3-1,210106_035.txt,data/03_Under pulse-wise external torque/02_Hidering_direction,0.05,3,24.5,25.5,11.711714283366215,-0.0014170519384194668,0.153711833621801,0.16550000000000153
210106-3-1,210106_035.txt,data/03_Under pulse-wise external torque/02_Hidering_direction,0.075,0,20.0,21.0,11.711714283366215,-0.0014170519384194668,-0.03475993406722755,
210106-3-1,210106_035.txt,data/03_Under pulse-wise external torque/02_Hidering_direction,0.075,1,21.5,22.5,11.711714283366215,-0.0014170519384194668,0.01737389221817444,
210106-3-1,210106_035.txt,data/03_Under pulse-wise external torque/02_Hidering_direction,0.075,2,23.0,24.0,11.711714283366215,-0.0014170519384194668,0.012178151420198277,
210106-3-1,210106_035.txt,data/03_Under pulse-wise external torque/02_Hidering_direction,0.075,3,24.5,25.5,11.711714283366215,-0.0014170519384194668,0.153711833621801,0.20974999999999966
210106-3-1,210106_035.txt,data/03_Under pulse-wise external torque/02_Hidering_direction,0.1,0,20.0,21.0,11.711714283366215,-0.0014170519384194668,-0.03475993406722755,
210106-3-1,210106_035.txt,data/03_Under pulse-wise external torque/02_Hidering_direction,0.1,1,21.5,22.5,11.711714283366215,-0.0014170519384194668,0.01737389221817444,
210106-3-1,210106_035.txt,data/03_Under pulse-wise external torque/02_Hidering_direction,0.1,2,23.0,24.0,11.711714283366215,-0.0014170519384194668,0.012178151420198277,
210106-3-1,210106_035.txt,data/03_Under pulse-wise external torque/02_Hidering_direction,0.1,3,24.5,25.5,11.711714283366215,-0.0014170519384194668,0.153711833621801,0.21774999999999878
210106-1-1,210106_001.txt,data/03_Under pulse-wise external torque/02_Hidering_direction,0.025,0,20.0,21.0,9.30507396876465,-0.00039415772638322637,0.004043821938347811,
210106-1-1,210106_001.txt,data/03_Under pulse-wise external torque/02_Hidering_direction,0.025,1,21.5,22.5,9.30507396876465,-0.00039415772638322637,0.09383259582022571,0.10300000000000153
210106-1-1,210106_001.txt,data/03_Under pulse-wise external torque/02_Hidering_direction,0.05,0,20.0,21.0,9.30507396876465,-0.00039415772638322637,0.004043821938347811,
210106-1-1,210106_001.txt,data/03_Under pulse-wise external torque/02_Hidering_direction,0.05,1,21.5,22.5,9.30507396876465,-0.00039415772638322637,0.09383259582022571,0.1039999999999992
210106-1-1,210106_001.txt,data/03_Under pulse-wise external torque/02_Hidering_direction,0.075,0,20.0,21.0,9.30507396876465,-0.00039415772638322637,0.004043821938347811,
210106-1-1,210106_001.txt,data/03_Under pulse-wise external torque/02_Hidering_direction,0.075,1,21.5,22.5,9.30507396876465,-0.00039415772638322637,0.09383259582022571,0.3552500000000016
210106-1-1,210106_001.txt,data/03_Under pulse-wise external torque/02_Hidering_direction,0.1,0,20.0,21.0,9.30507396876465,-0.00039415772638322637,0.004043821938347811,
210106-1-1,210106_001.txt,data/03_Under pulse-wise external torque/02_Hidering_direction,0.1,1,21.5,22.5,9.30507396876465,-0.00039415772638322637,0.09383259582022571,0.3724999999999987
210106-1-4,210106_012.txt,data/03_Under pulse-wise external torque/02_Hidering_direction,0.025,0,20.0,21.0,8.093987911363389,0.0059634502490753865,-0.07794131072879336,0.6887499999999989
210106-1-4,210106_012.txt,data/03_Under pulse-wise external torque/02_Hidering_direction,0.05,0,20.0,21.0,8.093987911363389,0.0059634502490753865,-0.07794131072879336,
210106-1-4,210106_012.txt,data/03_Under pulse-wise external torque/02_Hidering_direction,0.05,1,21.5,22.5,8.093987911363389,0.0059634502490753865,0.0729580994420589,
210106-1-4,210106_012.txt,data/03_Under pulse-wise external torque/02_Hidering_direction,0.05,2,23.0,24.0,8.093987911363389,0.0059634502490753865,0.12370288486644013,0.10875000000000057
210106-1-4,210106_012.txt,data/03_Under pulse-wise external torque/02_Hidering_direction,0.075,0,20.0,21.0,8.093987911363389,0.0059634502490753865,-0.07794131072879336,
210106-1-4,210106_012.txt,data/03_Under pulse-wise external torque/02_Hidering_direction,0.075,1,21.5,22.5,8.093987911363389,0.0059634502490753865,0.0729580994420589,
210106-1-4,210106_012.txt,data/03_Under pulse-wise external torque/02_Hidering_direction,0.075,2,23.0,24.0,8.093987911363389,0.0059634502490753865,0.12370288486644013,0.21525000000000105
210106-1-4,210106_012.txt,data/03_Under pulse-wise external torque/02_Hidering_direction,0.1,0,20.0,21.0,8.093987911363389,0.0059634502490753865,-0.07794131072879336,
210106-1-4,210106_012.txt,data/03_Under pulse-wise external torque/02_Hidering_direction,0.1,1,21.5,22.5,8.093987911363389,0.0059634502490753865,0.0729580994420589,
210106-1-4,210106_012.txt,data/03_Under pulse-wise external torque/02_Hidering_direction,0.1,2,23.0,24.0,8.093987911363389,0.0059634502490753865,0.12370288486644013,0.6020000000000003
210105-6-2,210105_044.txt,data/03_Under pulse-wise external torque/02_Hidering_direction,0.025,0,20.0,21.0,10.564845760672961,-0.009580330224603553,0.0163148276072033,
210105-6-2,210105_044.txt,data/03_Under pulse-wise external torque/02_Hidering_direction,0.025,1,21.5,22.5,10.564845760672961,-0.009580330224603553,0.3491207128682654,0.10024999999999906
210105-6-2,210105_044.txt,data/03_Under pulse-wise external torque/02_Hidering_direction,0.05,0,20.0,21.0,10.564845760672961,-0.009580330224603553,0.0163148276072033,
210105-6-2,210105_044.txt,data/03_Under pulse-wise external torque/02_Hidering_direction,0.05,1,21.5,22.5,10.564845760672961,-0.009580330224603553,0.3491207128682654,0.10024999999999906
210105-6-2,210105_044.txt,data/03_Under pulse-wise external torque/02_Hidering_direction,0.075,0,20.0,21.0,10.564845760672961,-0.009580330224603553,0.0163148276072033,
210105-6-2,210105_044.txt,data/03_Under pulse-wise external torque/02_Hidering_direction,0.075,1,21.5,22.5,10.564845760672961,-0.009580330224603553,0.3491207128682654,0.10024999999999906
210105-6-2,210105_044.txt,data/03_Under pulse-wise external torque/02_Hidering_direction,0.1,0,20.0,21.0,10.564845760672961,-0.009580330224603553,0.0163148276072033,
210105-6-2,210105_044.txt,data/03_Under pulse-wise external torque/02_Hidering_direction,0.1,1,21.5,22.5,10.564845760672961,-0.009580330224603553,0.3491207128682654,0.10024999999999906
