split,cell,file,group,baseline,baseline_sign,frac,guard,pulse,start,end,init_v,threshold,onset,category,exposure_early,exposure_late
discovery,210120-1-7,210120_012.txt,data/01_Without external torque,11.334839750682995,1,0.025,0.1,0,20.0,50.0,0.18252003700300462,0.2833709937670749,4.239999999999998,ambiguous,0.3,0.30000000000000004
discovery,210120-1-7,210120_012.txt,data/01_Without external torque,11.334839750682995,1,0.025,0.2,0,20.0,50.0,0.03872839310602495,0.2833709937670749,4.239999999999998,resolved_off,0.19999999999999996,0.30000000000000004
discovery,210120-1-7,210120_012.txt,data/01_Without external torque,11.334839750682995,1,0.05,0.1,0,20.0,50.0,0.18252003700300462,0.5667419875341498,5.59,resolved_off,0.3,0.30000000000000004
discovery,210120-1-7,210120_012.txt,data/01_Without external torque,11.334839750682995,1,0.05,0.2,0,20.0,50.0,0.03872839310602495,0.5667419875341498,5.59,resolved_off,0.19999999999999996,0.30000000000000004
discovery,210120-1-7,210120_012.txt,data/01_Without external torque,11.334839750682995,1,0.075,0.1,0,20.0,50.0,0.18252003700300462,0.8501129813012246,5.600000000000001,resolved_off,0.3,0.30000000000000004
discovery,210120-1-7,210120_012.txt,data/01_Without external torque,11.334839750682995,1,0.075,0.2,0,20.0,50.0,0.03872839310602495,0.8501129813012246,5.600000000000001,resolved_off,0.19999999999999996,0.30000000000000004
discovery,210128-2-6,210128_015.txt,data/01_Without external torque,7.954839401034733,1,0.025,0.1,0,20.0,50.0,-0.36168625079398353,0.19887098502586834,10.079999999999998,resolved_off,0.3,0.30000000000000004
discovery,210128-2-6,210128_015.txt,data/01_Without external torque,7.954839401034733,1,0.025,0.2,0,20.0,50.0,-0.8652654524584206,0.19887098502586834,10.079999999999998,resolved_off,0.19999999999999996,0.30000000000000004
discovery,210128-2-6,210128_015.txt,data/01_Without external torque,7.954839401034733,1,0.05,0.1,0,20.0,50.0,-0.36168625079398353,0.39774197005173667,11.96,resolved_off,0.3,0.30000000000000004
discovery,210128-2-6,210128_015.txt,data/01_Without external torque,7.954839401034733,1,0.05,0.2,0,20.0,50.0,-0.8652654524584206,0.39774197005173667,11.96,resolved_off,0.19999999999999996,0.30000000000000004
discovery,210128-2-6,210128_015.txt,data/01_Without external torque,7.954839401034733,1,0.075,0.1,0,20.0,50.0,-0.36168625079398353,0.5966129550776049,16.799999999999997,resolved_off,0.3,0.30000000000000004
discovery,210128-2-6,210128_015.txt,data/01_Without external torque,7.954839401034733,1,0.075,0.2,0,20.0,50.0,-0.8652654524584206,0.5966129550776049,16.799999999999997,resolved_off,0.19999999999999996,0.30000000000000004
discovery,201208-2-1,201208_006.txt,data/01_Without external torque,34.0091897433655,-1,0.025,0.1,0,20.0,50.0,-0.09148730632389573,0.8502297435841376,5.870000000000001,resolved_off,0.3,0.30000000000000004
discovery,201208-2-1,201208_006.txt,data/01_Without external torque,34.0091897433655,-1,0.025,0.2,0,20.0,50.0,-0.1555422676408879,0.8502297435841376,5.870000000000001,resolved_off,0.19999999999999996,0.30000000000000004
discovery,201208-2-1,201208_006.txt,data/01_Without external torque,34.0091897433655,-1,0.05,0.1,0,20.0,50.0,-0.09148730632389573,1.7004594871682752,5.879999999999999,resolved_off,0.3,0.30000000000000004
discovery,201208-2-1,201208_006.txt,data/01_Without external torque,34.0091897433655,-1,0.05,0.2,0,20.0,50.0,-0.1555422676408879,1.7004594871682752,5.879999999999999,resolved_off,0.19999999999999996,0.30000000000000004
discovery,201208-2-1,201208_006.txt,data/01_Without external torque,34.0091897433655,-1,0.075,0.1,0,20.0,50.0,-0.09148730632389573,2.5506892307524125,5.890000000000001,resolved_off,0.3,0.30000000000000004
discovery,201208-2-1,201208_006.txt,data/01_Without external torque,34.0091897433655,-1,0.075,0.2,0,20.0,50.0,-0.1555422676408879,2.5506892307524125,5.890000000000001,resolved_off,0.19999999999999996,0.30000000000000004
discovery,210128-2-2,210128_008.txt,data/01_Without external torque,18.907386625123777,1,0.025,0.1,0,20.0,50.0,-0.1479868057269584,0.47268466562809447,3.4299999999999997,resolved_off,0.3,0.30000000000000004
discovery,210128-2-2,210128_008.txt,data/01_Without external torque,18.907386625123777,1,0.025,0.2,0,20.0,50.0,-0.021227515690934645,0.47268466562809447,3.4299999999999997,resolved_off,0.19999999999999996,0.30000000000000004
discovery,210128-2-2,210128_008.txt,data/01_Without external torque,18.907386625123777,1,0.05,0.1,0,20.0,50.0,-0.1479868057269584,0.9453693312561889,3.4800000000000004,resolved_off,0.3,0.30000000000000004
discovery,210128-2-2,210128_008.txt,data/01_Without external torque,18.907386625123777,1,0.05,0.2,0,20.0,50.0,-0.021227515690934645,0.9453693312561889,3.4800000000000004,resolved_off,0.19999999999999996,0.30000000000000004
discovery,210128-2-2,210128_008.txt,data/01_Without external torque,18.907386625123777,1,0.075,0.1,0,20.0,50.0,-0.1479868057269584,1.4180539968842834,3.5,resolved_off,0.3,0.30000000000000004
discovery,210128-2-2,210128_008.txt,data/01_Without external torque,18.907386625123777,1,0.075,0.2,0,20.0,50.0,-0.021227515690934645,1.4180539968842834,3.5,resolved_off,0.19999999999999996,0.30000000000000004
discovery,201208-1-2,201208_003.txt,data/01_Without external torque,19.791469893505095,-1,0.025,0.1,0,20.0,50.0,-0.849687908154968,0.4947867473376274,1.3200000000000003,resolved_off,0.3,0.30000000000000004
discovery,201208-1-2,201208_003.txt,data/01_Without external torque,19.791469893505095,-1,0.025,0.2,0,20.0,50.0,0.07260709389434045,0.4947867473376274,1.3200000000000003,resolved_off,0.19999999999999996,0.30000000000000004
discovery,201208-1-2,201208_003.txt,data/01_Without external torque,19.791469893505095,-1,0.05,0.1,0,20.0,50.0,-0.849687908154968,0.9895734946752548,1.4200000000000017,resolved_off,0.3,0.30000000000000004
discovery,201208-1-2,201208_003.txt,data/01_Without external torque,19.791469893505095,-1,0.05,0.2,0,20.0,50.0,0.07260709389434045,0.9895734946752548,1.4200000000000017,resolved_off,0.19999999999999996,0.30000000000000004
discovery,201208-1-2,201208_003.txt,data/01_Without external torque,19.791469893505095,-1,0.075,0.1,0,20.0,50.0,-0.849687908154968,1.484360242012882,14.64,resolved_off,0.3,0.30000000000000004
discovery,201208-1-2,201208_003.txt,data/01_Without external torque,19.791469893505095,-1,0.075,0.2,0,20.0,50.0,0.07260709389434045,1.484360242012882,14.64,resolved_off,0.19999999999999996,0.30000000000000004
discovery,210120-1-5,210120_009.txt,data/01_Without external torque,16.418344212394395,1,0.025,0.1,0,20.0,50.0,-0.29158313655887036,0.4104586053098599,,none,0.3,0.30000000000000004
discovery,210120-1-5,210120_009.txt,data/01_Without external torque,16.418344212394395,1,0.025,0.2,0,20.0,50.0,-0.4891693585380784,0.4104586053098599,,none,0.19999999999999996,0.30000000000000004
discovery,210120-1-5,210120_009.txt,data/01_Without external torque,16.418344212394395,1,0.05,0.1,0,20.0,50.0,-0.29158313655887036,0.8209172106197198,,none,0.3,0.30000000000000004
discovery,210120-1-5,210120_009.txt,data/01_Without external torque,16.418344212394395,1,0.05,0.2,0,20.0,50.0,-0.4891693585380784,0.8209172106197198,,none,0.19999999999999996,0.30000000000000004
discovery,210120-1-5,210120_009.txt,data/01_Without external torque,16.418344212394395,1,0.075,0.1,0,20.0,50.0,-0.29158313655887036,1.2313758159295796,,none,0.3,0.30000000000000004
discovery,210120-1-5,210120_009.txt,data/01_Without external torque,16.418344212394395,1,0.075,0.2,0,20.0,50.0,-0.4891693585380784,1.2313758159295796,,none,0.19999999999999996,0.30000000000000004
discovery,201221-1-3,201221_006.txt,data/03_Under pulse-wise external torque/01_Assisting_direction,8.88981425124502,1,0.025,0.1,0,20.0,21.0,0.4550572278462263,0.22224535628112552,,none,0.3,0.30000000000000004
discovery,201221-1-3,201221_006.txt,data/03_Under pulse-wise external torque/01_Assisting_direction,8.88981425124502,1,0.025,0.1,1,21.5,22.5,0.6881316825668283,0.22224535628112552,,none,0.3,0.30000000000000004
discovery,201221-1-3,201221_006.txt,data/03_Under pulse-wise external torque/01_Assisting_direction,8.88981425124502,1,0.025,0.1,2,23.0,24.0,1.4642520804102181,0.22224535628112552,0.10000000000000142,immediate_or_unresolved,0.0,0.0
discovery,201221-1-3,201221_006.txt,data/03_Under pulse-wise external torque/01_Assisting_direction,8.88981425124502,1,0.025,0.2,0,20.0,21.0,-0.027513158132760413,0.22224535628112552,,none,0.19999999999999996,0.30000000000000004
discovery,201221-1-3,201221_006.txt,data/03_Under pulse-wise external torque/01_Assisting_direction,8.88981425124502,1,0.025,0.2,1,21.5,22.5,-0.10557236091714514,0.22224535628112552,,none,0.19999999999999996,0.30000000000000004
discovery,201221-1-3,201221_006.txt,data/03_Under pulse-wise external torque/01_Assisting_direction,8.88981425124502,1,0.025,0.2,2,23.0,24.0,2.4999979924031757,0.22224535628112552,0.1999999999999993,immediate_or_unresolved,0.0,0.0
discovery,201221-1-3,201221_006.txt,data/03_Under pulse-wise external torque/01_Assisting_direction,8.88981425124502,1,0.05,0.1,0,20.0,21.0,0.4550572278462263,0.44449071256225103,,none,0.3,0.30000000000000004
discovery,201221-1-3,201221_006.txt,data/03_Under pulse-wise external torque/01_Assisting_direction,8.88981425124502,1,0.05,0.1,1,21.5,22.5,0.6881316825668283,0.44449071256225103,,none,0.3,0.30000000000000004
discovery,201221-1-3,201221_006.txt,data/03_Under pulse-wise external torque/01_Assisting_direction,8.88981425124502,1,0.05,0.1,2,23.0,24.0,1.4642520804102181,0.44449071256225103,0.10000000000000142,immediate_or_unresolved,0.0,0.0
discovery,201221-1-3,201221_006.txt,data/03_Under pulse-wise external torque/01_Assisting_direction,8.88981425124502,1,0.05,0.2,0,20.0,21.0,-0.027513158132760413,0.44449071256225103,,none,0.19999999999999996,0.30000000000000004
discovery,201221-1-3,201221_006.txt,data/03_Under pulse-wise external torque/01_Assisting_direction,8.88981425124502,1,0.05,0.2,1,21.5,22.5,-0.10557236091714514,0.44449071256225103,,none,0.19999999999999996,0.30000000000000004
discovery,201221-1-3,201221_006.txt,data/03_Under pulse-wise external torque/01_Assisting_direction,8.88981425124502,1,0.05,0.2,2,23.0,24.0,2.4999979924031757,0.44449071256225103,0.1999999999999993,immediate_or_unresolved,0.0,0.0
discovery,201221-1-3,201221_006.txt,data/03_Under pulse-wise external torque/01_Assisting_direction,8.88981425124502,1,0.075,0.1,0,20.0,21.0,0.4550572278462263,0.6667360688433766,,none,0.3,0.30000000000000004
discovery,201221-1-3,201221_006.txt,data/03_Under pulse-wise external torque/01_Assisting_direction,8.88981425124502,1,0.075,0.1,1,21.5,22.5,0.6881316825668283,0.6667360688433766,,none,0.3,0.30000000000000004
discovery,201221-1-3,201221_006.txt,data/03_Under pulse-wise external torque/01_Assisting_direction,8.88981425124502,1,0.075,0.1,2,23.0,24.0,1.4642520804102181,0.6667360688433766,0.10000000000000142,immediate_or_unresolved,0.0,0.0
discovery,201221-1-3,201221_006.txt,data/03_Under pulse-wise external torque/01_Assisting_direction,8.88981425124502,1,0.075,0.2,0,20.0,21.0,-0.027513158132760413,0.6667360688433766,,none,0.19999999999999996,0.30000000000000004
discovery,201221-1-3,201221_006.txt,data/03_Under pulse-wise external torque/01_Assisting_direction,8.88981425124502,1,0.075,0.2,1,21.5,22.5,-0.10557236091714514,0.6667360688433766,,none,0.19999999999999996,0.30000000000000004
discovery,201221-1-3,201221_006.txt,data/03_Under pulse-wise external torque/01_Assisting_direction,8.88981425124502,1,0.075,0.2,2,23.0,24.0,2.4999979924031757,0.6667360688433766,0.1999999999999993,immediate_or_unresolved,0.0,0.0
discovery,210118-4-2,210118_038.txt,data/03_Under pulse-wise external torque/01_Assisting_direction,19.532644363099703,1,0.025,0.1,0,20.0,21.0,0.23309424584614857,0.48831610907749257,,none,0.3,0.30000000000000004
discovery,210118-4-2,210118_038.txt,data/03_Under pulse-wise external torque/01_Assisting_direction,19.532644363099703,1,0.025,0.1,1,21.5,22.5,2.301779739886054,0.48831610907749257,0.10000000000000142,immediate_or_unresolved,0.0,0.0
discovery,210118-4-2,210118_038.txt,data/03_Under pulse-wise external torque/01_Assisting_direction,19.532644363099703,1,0.025,0.2,0,20.0,21.0,0.0834189098640101,0.48831610907749257,,none,0.19999999999999996,0.30000000000000004
discovery,210118-4-2,210118_038.txt,data/03_Under pulse-wise external torque/01_Assisting_direction,19.532644363099703,1,0.025,0.2,1,21.5,22.5,1.7434969934536675,0.48831610907749257,0.1999999999999993,immediate_or_unresolved,0.0,0.0
discovery,210118-4-2,210118_038.txt,data/03_Under pulse-wise external torque/01_Assisting_direction,19.532644363099703,1,0.05,0.1,0,20.0,21.0,0.23309424584614857,0.9766322181549851,,none,0.3,0.30000000000000004
discovery,210118-4-2,210118_038.txt,data/03_Under pulse-wise external torque/01_Assisting_direction,19.532644363099703,1,0.05,0.1,1,21.5,22.5,2.301779739886054,0.9766322181549851,0.10000000000000142,immediate_or_unresolved,0.0,0.0
discovery,210118-4-2,210118_038.txt,data/03_Under pulse-wise external torque/01_Assisting_direction,19.532644363099703,1,0.05,0.2,0,20.0,21.0,0.0834189098640101,0.9766322181549851,,none,0.19999999999999996,0.30000000000000004
discovery,210118-4-2,210118_038.txt,data/03_Under pulse-wise external torque/01_Assisting_direction,19.532644363099703,1,0.05,0.2,1,21.5,22.5,1.7434969934536675,0.9766322181549851,0.1999999999999993,immediate_or_unresolved,0.0,0.0
discovery,210118-4-2,210118_038.txt,data/03_Under pulse-wise external torque/01_Assisting_direction,19.532644363099703,1,0.075,0.1,0,20.0,21.0,0.23309424584614857,1.4649483272324777,,none,0.3,0.30000000000000004
discovery,210118-4-2,210118_038.txt,data/03_Under pulse-wise external torque/01_Assisting_direction,19.532644363099703,1,0.075,0.1,1,21.5,22.5,2.301779739886054,1.4649483272324777,0.10000000000000142,immediate_or_unresolved,0.0,0.0
discovery,210118-4-2,210118_038.txt,data/03_Under pulse-wise external torque/01_Assisting_direction,19.532644363099703,1,0.075,0.2,0,20.0,21.0,0.0834189098640101,1.4649483272324777,,none,0.19999999999999996,0.30000000000000004
discovery,210118-4-2,210118_038.txt,data/03_Under pulse-wise external torque/01_Assisting_direction,19.532644363099703,1,0.075,0.2,1,21.5,22.5,1.7434969934536675,1.4649483272324777,0.6799999999999997,immediate_or_unresolved,0.0,0.0
discovery,210118-3-1,210118_024.txt,data/03_Under pulse-wise external torque/01_Assisting_direction,13.861958722402965,1,0.025,0.1,0,20.0,21.0,0.11662034019561353,0.3465489680600742,,none,0.3,0.30000000000000004
discovery,210118-3-1,210118_024.txt,data/03_Under pulse-wise external torque/01_Assisting_direction,13.861958722402965,1,0.025,0.1,1,21.5,22.5,2.4739794515713203,0.3465489680600742,0.10000000000000142,immediate_or_unresolved,0.0,0.0
discovery,210118-3-1,210118_024.txt,data/03_Under pulse-wise external torque/01_Assisting_direction,13.861958722402965,1,0.025,0.2,0,20.0,21.0,0.32324098885912517,0.3465489680600742,,none,0.19999999999999996,0.30000000000000004
discovery,210118-3-1,210118_024.txt,data/03_Under pulse-wise external torque/01_Assisting_direction,13.861958722402965,1,0.025,0.2,1,21.5,22.5,3.450668349496783,0.3465489680600742,0.1999999999999993,immediate_or_unresolved,0.0,0.0
discovery,210118-3-1,210118_024.txt,data/03_Under pulse-wise external torque/01_Assisting_direction,13.861958722402965,1,0.05,0.1,0,20.0,21.0,0.11662034019561353,0.6930979361201484,,none,0.3,0.30000000000000004
discovery,210118-3-1,210118_024.txt,data/03_Under pulse-wise external torque/01_Assisting_direction,13.861958722402965,1,0.05,0.1,1,21.5,22.5,2.4739794515713203,0.6930979361201484,0.10000000000000142,immediate_or_unresolved,0.0,0.0
discovery,210118-3-1,210118_024.txt,data/03_Under pulse-wise external torque/01_Assisting_direction,13.861958722402965,1,0.05,0.2,0,20.0,21.0,0.32324098885912517,0.6930979361201484,,none,0.19999999999999996,0.30000000000000004
discovery,210118-3-1,210118_024.txt,data/03_Under pulse-wise external torque/01_Assisting_direction,13.861958722402965,1,0.05,0.2,1,21.5,22.5,3.450668349496783,0.6930979361201484,0.1999999999999993,immediate_or_unresolved,0.0,0.0
discovery,210118-3-1,210118_024.txt,data/03_Under pulse-wise external torque/01_Assisting_direction,13.861958722402965,1,0.075,0.1,0,20.0,21.0,0.11662034019561353,1.0396469041802223,,none,0.3,0.30000000000000004
discovery,210118-3-1,210118_024.txt,data/03_Under pulse-wise external torque/01_Assisting_direction,13.861958722402965,1,0.075,0.1,1,21.5,22.5,2.4739794515713203,1.0396469041802223,0.10000000000000142,immediate_or_unresolved,0.0,0.0
discovery,210118-3-1,210118_024.txt,data/03_Under pulse-wise external torque/01_Assisting_direction,13.861958722402965,1,0.075,0.2,0,20.0,21.0,0.32324098885912517,1.0396469041802223,,none,0.19999999999999996,0.30000000000000004
discovery,210118-3-1,210118_024.txt,data/03_Under pulse-wise external torque/01_Assisting_direction,13.861958722402965,1,0.075,0.2,1,21.5,22.5,3.450668349496783,1.0396469041802223,0.1999999999999993,immediate_or_unresolved,0.0,0.0
discovery,201222-2-4,201222_019.txt,data/03_Under pulse-wise external torque/01_Assisting_direction,22.149295392481505,1,0.025,0.1,0,20.0,21.0,-0.08736515915056814,0.5537323848120377,,none,0.3,0.30000000000000004
discovery,201222-2-4,201222_019.txt,data/03_Under pulse-wise external torque/01_Assisting_direction,22.149295392481505,1,0.025,0.1,1,21.5,22.5,0.27789313191441817,0.5537323848120377,,none,0.3,0.30000000000000004
discovery,201222-2-4,201222_019.txt,data/03_Under pulse-wise external torque/01_Assisting_direction,22.149295392481505,1,0.025,0.1,2,23.0,24.0,-0.3063323407486387,0.5537323848120377,,none,0.3,0.30000000000000004
discovery,201222-2-4,201222_019.txt,data/03_Under pulse-wise external torque/01_Assisting_direction,22.149295392481505,1,0.025,0.1,3,24.5,25.5,0.35463505518487093,0.5537323848120377,,none,0.3,0.30000000000000004
discovery,201222-2-4,201222_019.txt,data/03_Under pulse-wise external torque/01_Assisting_direction,22.149295392481505,1,0.025,0.1,4,26.0,27.0,0.2530266746742292,0.5537323848120377,,none,0.3,0.30000000000000004
discovery,201222-2-4,201222_019.txt,data/03_Under pulse-wise external torque/01_Assisting_direction,22.149295392481505,1,0.025,0.1,5,27.5,28.5,0.0704026151660382,0.5537323848120377,,none,0.3,0.30000000000000004
discovery,201222-2-4,201222_019.txt,data/03_Under pulse-wise external torque/01_Assisting_direction,22.149295392481505,1,0.025,0.1,6,29.0,30.0,-0.20650767555266752,0.5537323848120377,,none,0.3,0.30000000000000004
discovery,201222-2-4,201222_019.txt,data/03_Under pulse-wise external torque/01_Assisting_direction,22.149295392481505,1,0.025,0.1,7,30.5,31.5,0.4594483244034384,0.5537323848120377,0.28000000000000114,ambiguous,0.08000000000000113,0.0
discovery,201222-2-4,201222_019.txt,data/03_Under pulse-wise external torque/01_Assisting_direction,22.149295392481505,1,0.025,0.2,0,20.0,21.0,-0.053270496541412304,0.5537323848120377,,none,0.19999999999999996,0.30000000000000004
discovery,201222-2-4,201222_019.txt,data/03_Under pulse-wise external torque/01_Assisting_direction,22.149295392481505,1,0.025,0.2,1,21.5,22.5,0.7061005928001232,0.5537323848120377,,none,0.19999999999999996,0.30000000000000004
discovery,201222-2-4,201222_019.txt,data/03_Under pulse-wise external torque/01_Assisting_direction,22.149295392481505,1,0.025,0.2,2,23.0,24.0,0.06481688766046731,0.5537323848120377,,none,0.19999999999999996,0.30000000000000004
discovery,201222-2-4,201222_019.txt,data/03_Under pulse-wise external torque/01_Assisting_direction,22.149295392481505,1,0.025,0.2,3,24.5,25.5,1.2008387986726035,0.5537323848120377,,none,0.19999999999999996,0.30000000000000004
discovery,201222-2-4,201222_019.txt,data/03_Under pulse-wise external torque/01_Assisting_direction,22.149295392481505,1,0.025,0.2,4,26.0,27.0,-0.11471595977212504,0.5537323848120377,,none,0.19999999999999996,0.30000000000000004
discovery,201222-2-4,201222_019.txt,data/03_Under pulse-wise external torque/01_Assisting_direction,22.149295392481505,1,0.025,0.2,5,27.5,28.5,0.019361159703782493,0.5537323848120377,,none,0.19999999999999996,0.30000000000000004
discovery,201222-2-4,201222_019.txt,data/03_Under pulse-wise external torque/01_Assisting_direction,22.149295392481505,1,0.025,0.2,6,29.0,30.0,-0.4515974191145042,0.5537323848120377,,none,0.19999999999999996,0.30000000000000004
discovery,201222-2-4,201222_019.txt,data/03_Under pulse-wise external torque/01_Assisting_direction,22.149295392481505,1,0.025,0.2,7,30.5,31.5,0.18401808232047515,0.5537323848120377,0.28000000000000114,ambiguous,0.0,0.0
discovery,201222-2-4,201222_019.txt,data/03_Under pulse-wise external torque/01_Assisting_direction,22.149295392481505,1,0.05,0.1,0,20.0,21.0,-0.08736515915056814,1.1074647696240754,,none,0.3,0.30000000000000004
discovery,201222-2-4,201222_019.txt,data/03_Under pulse-wise external torque/01_Assisting_direction,22.149295392481505,1,0.05,0.1,1,21.5,22.5,0.27789313191441817,1.1074647696240754,,none,0.3,0.30000000000000004
discovery,201222-2-4,201222_019.txt,data/03_Under pulse-wise external torque/01_Assisting_direction,22.149295392481505,1,0.05,0.1,2,23.0,24.0,-0.3063323407486387,1.1074647696240754,,none,0.3,0.30000000000000004
discovery,201222-2-4,201222_019.txt,data/03_Under pulse-wise external torque/01_Assisting_direction,22.149295392481505,1,0.05,0.1,3,24.5,25.5,0.35463505518487093,1.1074647696240754,,none,0.3,0.30000000000000004
discovery,201222-2-4,201222_019.txt,data/03_Under pulse-wise external torque/01_Assisting_direction,22.149295392481505,1,0.05,0.1,4,26.0,27.0,0.2530266746742292,1.1074647696240754,,none,0.3,0.30000000000000004
discovery,201222-2-4,201222_019.txt,data/03_Under pulse-wise external torque/01_Assisting_direction,22.149295392481505,1,0.05,0.1,5,27.5,28.5,0.0704026151660382,1.1074647696240754,,none,0.3,0.30000000000000004
discovery,201222-2-4,201222_019.txt,data/03_Under pulse-wise external torque/01_Assisting_direction,22.149295392481505,1,0.05,0.1,6,29.0,30.0,-0.20650767555266752,1.1074647696240754,,none,0.3,0.30000000000000004
discovery,201222-2-4,201222_019.txt,data/03_Under pulse-wise external torque/01_Assisting_direction,22.149295392481505,1,0.05,0.1,7,30.5,31.5,0.4594483244034384,1.1074647696240754,0.28999999999999915,resolved_off,0.08999999999999914,0.0
discovery,201222-2-4,201222_019.txt,data/03_Under pulse-wise external torque/01_Assisting_direction,22.149295392481505,1,0.05,0.2,0,20.0,21.0,-0.053270496541412304,1.1074647696240754,,none,0.19999999999999996,0.30000000000000004
discovery,201222-2-4,201222_019.txt,data/03_Under pulse-wise external torque/01_Assisting_direction,22.149295392481505,1,0.05,0.2,1,21.5,22.5,0.7061005928001232,1.1074647696240754,,none,0.19999999999999996,0.30000000000000004
discovery,201222-2-4,201222_019.txt,data/03_Under pulse-wise external torque/01_Assisting_direction,22.149295392481505,1,0.05,0.2,2,23.0,24.0,0.06481688766046731,1.1074647696240754,,none,0.19999999999999996,0.30000000000000004
discovery,201222-2-4,201222_019.txt,data/03_Under pulse-wise external torque/01_Assisting_direction,22.149295392481505,1,0.05,0.2,3,24.5,25.5,1.2008387986726035,1.1074647696240754,,none,0.19999999999999996,0.30000000000000004
discovery,201222-2-4,201222_019.txt,data/03_Under pulse-wise external torque/01_Assisting_direction,22.149295392481505,1,0.05,0.2,4,26.0,27.0,-0.11471595977212504,1.1074647696240754,,none,0.19999999999999996,0.30000000000000004
discovery,201222-2-4,201222_019.txt,data/03_Under pulse-wise external torque/01_Assisting_direction,22.149295392481505,1,0.05,0.2,5,27.5,28.5,0.019361159703782493,1.1074647696240754,,none,0.19999999999999996,0.30000000000000004
discovery,201222-2-4,201222_019.txt,data/03_Under pulse-wise external torque/01_Assisting_direction,22.149295392481505,1,0.05,0.2,6,29.0,30.0,-0.4515974191145042,1.1074647696240754,,none,0.19999999999999996,0.30000000000000004
discovery,201222-2-4,201222_019.txt,data/03_Under pulse-wise external torque/01_Assisting_direction,22.149295392481505,1,0.05,0.2,7,30.5,31.5,0.18401808232047515,1.1074647696240754,0.28999999999999915,ambiguous,0.0,0.0
discovery,201222-2-4,201222_019.txt,data/03_Under pulse-wise external torque/01_Assisting_direction,22.149295392481505,1,0.075,0.1,0,20.0,21.0,-0.08736515915056814,1.6611971544361128,,none,0.3,0.30000000000000004
discovery,201222-2-4,201222_019.txt,data/03_Under pulse-wise external torque/01_Assisting_direction,22.149295392481505,1,0.075,0.1,1,21.5,22.5,0.27789313191441817,1.6611971544361128,,none,0.3,0.30000000000000004
discovery,201222-2-4,201222_019.txt,data/03_Under pulse-wise external torque/01_Assisting_direction,22.149295392481505,1,0.075,0.1,2,23.0,24.0,-0.3063323407486387,1.6611971544361128,,none,0.3,0.30000000000000004
discovery,201222-2-4,201222_019.txt,data/03_Under pulse-wise external torque/01_Assisting_direction,22.149295392481505,1,0.075,0.1,3,24.5,25.5,0.35463505518487093,1.6611971544361128,,none,0.3,0.30000000000000004
discovery,201222-2-4,201222_019.txt,data/03_Under pulse-wise external torque/01_Assisting_direction,22.149295392481505,1,0.075,0.1,4,26.0,27.0,0.2530266746742292,1.6611971544361128,,none,0.3,0.30000000000000004
discovery,201222-2-4,201222_019.txt,data/03_Under pulse-wise external torque/01_Assisting_direction,22.149295392481505,1,0.075,0.1,5,27.5,28.5,0.0704026151660382,1.6611971544361128,,none,0.3,0.30000000000000004
discovery,201222-2-4,201222_019.txt,data/03_Under pulse-wise external torque/01_Assisting_direction,22.149295392481505,1,0.075,0.1,6,29.0,30.0,-0.20650767555266752,1.6611971544361128,,none,0.3,0.30000000000000004
discovery,201222-2-4,201222_019.txt,data/03_Under pulse-wise external torque/01_Assisting_direction,22.149295392481505,1,0.075,0.1,7,30.5,31.5,0.4594483244034384,1.6611971544361128,,none,0.3,0.30000000000000004
discovery,201222-2-4,201222_019.txt,data/03_Under pulse-wise external torque/01_Assisting_direction,22.149295392481505,1,0.075,0.1,8,32.0,33.0,1.4146553226186076,1.6611971544361128,0.490000000000002,ambiguous,0.290000000000002,0.0
discovery,201222-2-4,201222_019.txt,data/03_Under pulse-wise external torque/01_Assisting_direction,22.149295392481505,1,0.075,0.2,0,20.0,21.0,-0.053270496541412304,1.6611971544361128,,none,0.19999999999999996,0.30000000000000004
discovery,201222-2-4,201222_019.txt,data/03_Under pulse-wise external torque/01_Assisting_direction,22.149295392481505,1,0.075,0.2,1,21.5,22.5,0.7061005928001232,1.6611971544361128,,none,0.19999999999999996,0.30000000000000004
discovery,201222-2-4,201222_019.txt,data/03_Under pulse-wise external torque/01_Assisting_direction,22.149295392481505,1,0.075,0.2,2,23.0,24.0,0.06481688766046731,1.6611971544361128,,none,0.19999999999999996,0.30000000000000004
discovery,201222-2-4,201222_019.txt,data/03_Under pulse-wise external torque/01_Assisting_direction,22.149295392481505,1,0.075,0.2,3,24.5,25.5,1.2008387986726035,1.6611971544361128,,none,0.19999999999999996,0.30000000000000004
discovery,201222-2-4,201222_019.txt,data/03_Under pulse-wise external torque/01_Assisting_direction,22.149295392481505,1,0.075,0.2,4,26.0,27.0,-0.11471595977212504,1.6611971544361128,,none,0.19999999999999996,0.30000000000000004
discovery,201222-2-4,201222_019.txt,data/03_Under pulse-wise external torque/01_Assisting_direction,22.149295392481505,1,0.075,0.2,5,27.5,28.5,0.019361159703782493,1.6611971544361128,,none,0.19999999999999996,0.30000000000000004
discovery,201222-2-4,201222_019.txt,data/03_Under pulse-wise external torque/01_Assisting_direction,22.149295392481505,1,0.075,0.2,6,29.0,30.0,-0.4515974191145042,1.6611971544361128,,none,0.19999999999999996,0.30000000000000004
discovery,201222-2-4,201222_019.txt,data/03_Under pulse-wise external torque/01_Assisting_direction,22.149295392481505,1,0.075,0.2,7,30.5,31.5,0.18401808232047515,1.6611971544361128,,none,0.19999999999999996,0.30000000000000004
discovery,201222-2-4,201222_019.txt,data/03_Under pulse-wise external torque/01_Assisting_direction,22.149295392481505,1,0.075,0.2,8,32.0,33.0,1.621769609697582,1.6611971544361128,0.490000000000002,ambiguous,0.19000000000000195,0.0
discovery,201218-2-3,201218_016.txt,data/03_Under pulse-wise external torque/01_Assisting_direction,8.037262421528265,-1,0.025,0.1,0,20.0,21.0,-0.5486894638944737,0.20093156053820663,,none,0.3,0.30000000000000004
discovery,201218-2-3,201218_016.txt,data/03_Under pulse-wise external torque/01_Assisting_direction,8.037262421528265,-1,0.025,0.1,1,21.5,22.5,0.47438124234882045,0.20093156053820663,0.10000000000000142,immediate_or_unresolved,0.0,0.0
discovery,201218-2-3,201218_016.txt,data/03_Under pulse-wise external torque/01_Assisting_direction,8.037262421528265,-1,0.025,0.2,0,20.0,21.0,-0.37413286060545475,0.20093156053820663,,none,0.19999999999999996,0.30000000000000004
discovery,201218-2-3,201218_016.txt,data/03_Under pulse-wise external torque/01_Assisting_direction,8.037262421528265,-1,0.025,0.2,1,21.5,22.5,0.8234441816840473,0.20093156053820663,0.1999999999999993,immediate_or_unresolved,0.0,0.0
discovery,201218-2-3,201218_016.txt,data/03_Under pulse-wise external torque/01_Assisting_direction,8.037262421528265,-1,0.05,0.1,0,20.0,21.0,-0.5486894638944737,0.40186312107641325,,none,0.3,0.30000000000000004
discovery,201218-2-3,201218_016.txt,data/03_Under pulse-wise external torque/01_Assisting_direction,8.037262421528265,-1,0.05,0.1,1,21.5,22.5,0.47438124234882045,0.40186312107641325,0.16000000000000014,immediate_or_unresolved,0.0,0.0
discovery,201218-2-3,201218_016.txt,data/03_Under pulse-wise external torque/01_Assisting_direction,8.037262421528265,-1,0.05,0.2,0,20.0,21.0,-0.37413286060545475,0.40186312107641325,,none,0.19999999999999996,0.30000000000000004
discovery,201218-2-3,201218_016.txt,data/03_Under pulse-wise external torque/01_Assisting_direction,8.037262421528265,-1,0.05,0.2,1,21.5,22.5,0.8234441816840473,0.40186312107641325,0.1999999999999993,immediate_or_unresolved,0.0,0.0
discovery,201218-2-3,201218_016.txt,data/03_Under pulse-wise external torque/01_Assisting_direction,8.037262421528265,-1,0.075,0.1,0,20.0,21.0,-0.5486894638944737,0.6027946816146198,,none,0.3,0.30000000000000004
discovery,201218-2-3,201218_016.txt,data/03_Under pulse-wise external torque/01_Assisting_direction,8.037262421528265,-1,0.075,0.1,1,21.5,22.5,0.47438124234882045,0.6027946816146198,0.19000000000000128,ambiguous,0.0,0.0
discovery,201218-2-3,201218_016.txt,data/03_Under pulse-wise external torque/01_Assisting_direction,8.037262421528265,-1,0.075,0.2,0,20.0,21.0,-0.37413286060545475,0.6027946816146198,,none,0.19999999999999996,0.30000000000000004
discovery,201218-2-3,201218_016.txt,data/03_Under pulse-wise external torque/01_Assisting_direction,8.037262421528265,-1,0.075,0.2,1,21.5,22.5,0.8234441816840473,0.6027946816146198,0.1999999999999993,immediate_or_unresolved,0.0,0.0
discovery,210107-1-6,210107_011.txt,data/03_Under pulse-wise external torque/01_Assisting_direction,7.462164649011806,1,0.025,0.1,0,20.0,21.0,0.7959502030764523,0.18655411622529516,,none,0.3,0.30000000000000004
discovery,210107-1-6,210107_011.txt,data/03_Under pulse-wise external torque/01_Assisting_direction,7.462164649011806,1,0.025,0.1,1,21.5,22.5,0.08648366626528114,0.18655411622529516,,none,0.3,0.30000000000000004
discovery,210107-1-6,210107_011.txt,data/03_Under pulse-wise external torque/01_Assisting_direction,7.462164649011806,1,0.025,0.1,2,23.0,24.0,0.7875414586295064,0.18655411622529516,0.10000000000000142,immediate_or_unresolved,0.0,0.0
discovery,210107-1-6,210107_011.txt,data/03_Under pulse-wise external torque/01_Assisting_direction,7.462164649011806,1,0.025,0.2,0,20.0,21.0,0.2413847209720111,0.18655411622529516,,none,0.19999999999999996,0.30000000000000004
discovery,210107-1-6,210107_011.txt,data/03_Under pulse-wise external torque/01_Assisting_direction,7.462164649011806,1,0.025,0.2,1,21.5,22.5,0.23263868792035886,0.18655411622529516,,none,0.19999999999999996,0.30000000000000004
discovery,210107-1-6,210107_011.txt,data/03_Under pulse-wise external torque/01_Assisting_direction,7.462164649011806,1,0.025,0.2,2,23.0,24.0,0.4974772676897882,0.18655411622529516,0.1999999999999993,immediate_or_unresolved,0.0,0.0
discovery,210107-1-6,210107_011.txt,data/03_Under pulse-wise external torque/01_Assisting_direction,7.462164649011806,1,0.05,0.1,0,20.0,21.0,0.7959502030764523,0.3731082324505903,,none,0.3,0.30000000000000004
discovery,210107-1-6,210107_011.txt,data/03_Under pulse-wise external torque/01_Assisting_direction,7.462164649011806,1,0.05,0.1,1,21.5,22.5,0.08648366626528114,0.3731082324505903,,none,0.3,0.30000000000000004
discovery,210107-1-6,210107_011.txt,data/03_Under pulse-wise external torque/01_Assisting_direction,7.462164649011806,1,0.05,0.1,2,23.0,24.0,0.7875414586295064,0.3731082324505903,0.26000000000000156,immediate_or_unresolved,0.0,0.0
discovery,210107-1-6,210107_011.txt,data/03_Under pulse-wise external torque/01_Assisting_direction,7.462164649011806,1,0.05,0.2,0,20.0,21.0,0.2413847209720111,0.3731082324505903,,none,0.19999999999999996,0.30000000000000004
discovery,210107-1-6,210107_011.txt,data/03_Under pulse-wise external torque/01_Assisting_direction,7.462164649011806,1,0.05,0.2,1,21.5,22.5,0.23263868792035886,0.3731082324505903,,none,0.19999999999999996,0.30000000000000004
discovery,210107-1-6,210107_011.txt,data/03_Under pulse-wise external torque/01_Assisting_direction,7.462164649011806,1,0.05,0.2,2,23.0,24.0,0.4974772676897882,0.3731082324505903,0.26000000000000156,immediate_or_unresolved,0.0,0.0
discovery,210107-1-6,210107_011.txt,data/03_Under pulse-wise external torque/01_Assisting_direction,7.462164649011806,1,0.075,0.1,0,20.0,21.0,0.7959502030764523,0.5596623486758854,,none,0.3,0.30000000000000004
discovery,210107-1-6,210107_011.txt,data/03_Under pulse-wise external torque/01_Assisting_direction,7.462164649011806,1,0.075,0.1,1,21.5,22.5,0.08648366626528114,0.5596623486758854,,none,0.3,0.30000000000000004
discovery,210107-1-6,210107_011.txt,data/03_Under pulse-wise external torque/01_Assisting_direction,7.462164649011806,1,0.075,0.1,2,23.0,24.0,0.7875414586295064,0.5596623486758854,,none,0.3,0.30000000000000004
discovery,210107-1-6,210107_011.txt,data/03_Under pulse-wise external torque/01_Assisting_direction,7.462164649011806,1,0.075,0.1,3,24.5,25.5,2.340955973757578,0.5596623486758854,0.10000000000000142,immediate_or_unresolved,0.0,0.0
discovery,210107-1-6,210107_011.txt,data/03_Under pulse-wise external torque/01_Assisting_direction,7.462164649011806,1,0.075,0.2,0,20.0,21.0,0.2413847209720111,0.5596623486758854,,none,0.19999999999999996,0.30000000000000004
discovery,210107-1-6,210107_011.txt,data/03_Under pulse-wise external torque/01_Assisting_direction,7.462164649011806,1,0.075,0.2,1,21.5,22.5,0.23263868792035886,0.5596623486758854,,none,0.19999999999999996,0.30000000000000004
discovery,210107-1-6,210107_011.txt,data/03_Under pulse-wise external torque/01_Assisting_direction,7.462164649011806,1,0.075,0.2,2,23.0,24.0,0.4974772676897882,0.5596623486758854,,none,0.19999999999999996,0.30000000000000004
discovery,210107-1-6,210107_011.txt,data/03_Under pulse-wise external torque/01_Assisting_direction,7.462164649011806,1,0.075,0.2,3,24.5,25.5,2.0660186770662152,0.5596623486758854,0.1999999999999993,immediate_or_unresolved,0.0,0.0
discovery,210113-2-1,210113_018.txt,data/03_Under pulse-wise external torque/01_Assisting_direction,21.26129260204713,1,0.025,0.1,0,20.0,21.0,-0.4437279801312469,0.5315323150511783,,none,0.3,0.30000000000000004
discovery,210113-2-1,210113_018.txt,data/03_Under pulse-wise external torque/01_Assisting_direction,21.26129260204713,1,0.025,0.1,1,21.5,22.5,1.8775835751118313,0.5315323150511783,0.10000000000000142,immediate_or_unresolved,0.0,0.0
discovery,210113-2-1,210113_018.txt,data/03_Under pulse-wise external torque/01_Assisting_direction,21.26129260204713,1,0.025,0.2,0,20.0,21.0,-0.4935820309926888,0.5315323150511783,,none,0.19999999999999996,0.30000000000000004
discovery,210113-2-1,210113_018.txt,data/03_Under pulse-wise external torque/01_Assisting_direction,21.26129260204713,1,0.025,0.2,1,21.5,22.5,0.6724543158072056,0.5315323150511783,0.3000000000000007,immediate_or_unresolved,0.0,0.0
discovery,210113-2-1,210113_018.txt,data/03_Under pulse-wise external torque/01_Assisting_direction,21.26129260204713,1,0.05,0.1,0,20.0,21.0,-0.4437279801312469,1.0630646301023565,,none,0.3,0.30000000000000004
discovery,210113-2-1,210113_018.txt,data/03_Under pulse-wise external torque/01_Assisting_direction,21.26129260204713,1,0.05,0.1,1,21.5,22.5,1.8775835751118313,1.0630646301023565,0.5199999999999996,immediate_or_unresolved,0.0,0.0
discovery,210113-2-1,210113_018.txt,data/03_Under pulse-wise external torque/01_Assisting_direction,21.26129260204713,1,0.05,0.2,0,20.0,21.0,-0.4935820309926888,1.0630646301023565,,none,0.19999999999999996,0.30000000000000004
discovery,210113-2-1,210113_018.txt,data/03_Under pulse-wise external torque/01_Assisting_direction,21.26129260204713,1,0.05,0.2,1,21.5,22.5,0.6724543158072056,1.0630646301023565,0.5199999999999996,ambiguous,0.19999999999999996,0.019999999999999574
discovery,210113-2-1,210113_018.txt,data/03_Under pulse-wise external torque/01_Assisting_direction,21.26129260204713,1,0.075,0.1,0,20.0,21.0,-0.4437279801312469,1.594596945153535,,none,0.3,0.30000000000000004
discovery,210113-2-1,210113_018.txt,data/03_Under pulse-wise external torque/01_Assisting_direction,21.26129260204713,1,0.075,0.1,1,21.5,22.5,1.8775835751118313,1.594596945153535,0.5399999999999991,immediate_or_unresolved,0.0,0.0
discovery,210113-2-1,210113_018.txt,data/03_Under pulse-wise external torque/01_Assisting_direction,21.26129260204713,1,0.075,0.2,0,20.0,21.0,-0.4935820309926888,1.594596945153535,,none,0.19999999999999996,0.30000000000000004
discovery,210113-2-1,210113_018.txt,data/03_Under pulse-wise external torque/01_Assisting_direction,21.26129260204713,1,0.075,0.2,1,21.5,22.5,0.6724543158072056,1.594596945153535,0.5399999999999991,resolved_off,0.19999999999999996,0.03999999999999915
discovery,201227-4-3,201227_056.txt,data/03_Under pulse-wise external torque/01_Assisting_direction,15.892621503852315,1,0.025,0.1,0,20.0,21.0,-0.04119974764171275,0.3973155375963079,,none,0.3,0.30000000000000004
discovery,201227-4-3,201227_056.txt,data/03_Under pulse-wise external torque/01_Assisting_direction,15.892621503852315,1,0.025,0.1,1,21.5,22.5,1.8449106898013243,0.3973155375963079,0.10000000000000142,immediate_or_unresolved,0.0,0.0
discovery,201227-4-3,201227_056.txt,data/03_Under pulse-wise external torque/01_Assisting_direction,15.892621503852315,1,0.025,0.2,0,20.0,21.0,-0.032738414541343866,0.3973155375963079,,none,0.19999999999999996,0.30000000000000004
discovery,201227-4-3,201227_056.txt,data/03_Under pulse-wise external torque/01_Assisting_direction,15.892621503852315,1,0.025,0.2,1,21.5,22.5,0.5217375196283955,0.3973155375963079,,none,0.19999999999999996,0.30000000000000004
discovery,201227-4-3,201227_056.txt,data/03_Under pulse-wise external torque/01_Assisting_direction,15.892621503852315,1,0.025,0.2,2,23.0,24.0,0.09626766668569496,0.3973155375963079,0.7399999999999984,resolved_off,0.19999999999999996,0.23999999999999844
discovery,201227-4-3,201227_056.txt,data/03_Under pulse-wise external torque/01_Assisting_direction,15.892621503852315,1,0.05,0.1,0,20.0,21.0,-0.04119974764171275,0.7946310751926158,,none,0.3,0.30000000000000004
discovery,201227-4-3,201227_056.txt,data/03_Under pulse-wise external torque/01_Assisting_direction,15.892621503852315,1,0.05,0.1,1,21.5,22.5,1.8449106898013243,0.7946310751926158,,none,0.3,0.30000000000000004
discovery,201227-4-3,201227_056.txt,data/03_Under pulse-wise external torque/01_Assisting_direction,15.892621503852315,1,0.05,0.1,2,23.0,24.0,0.6525092388448906,0.7946310751926158,,none,0.3,0.30000000000000004
discovery,201227-4-3,201227_056.txt,data/03_Under pulse-wise external torque/01_Assisting_direction,15.892621503852315,1,0.05,0.1,3,24.5,25.5,0.14680457090900842,0.7946310751926158,0.1999999999999993,ambiguous,0.0,0.0
discovery,201227-4-3,201227_056.txt,data/03_Under pulse-wise external torque/01_Assisting_direction,15.892621503852315,1,0.05,0.2,0,20.0,21.0,-0.032738414541343866,0.7946310751926158,,none,0.19999999999999996,0.30000000000000004
discovery,201227-4-3,201227_056.txt,data/03_Under pulse-wise external torque/01_Assisting_direction,15.892621503852315,1,0.05,0.2,1,21.5,22.5,0.5217375196283955,0.7946310751926158,,none,0.19999999999999996,0.30000000000000004
discovery,201227-4-3,201227_056.txt,data/03_Under pulse-wise external torque/01_Assisting_direction,15.892621503852315,1,0.05,0.2,2,23.0,24.0,0.09626766668569496,0.7946310751926158,,none,0.19999999999999996,0.30000000000000004
discovery,201227-4-3,201227_056.txt,data/03_Under pulse-wise external torque/01_Assisting_direction,15.892621503852315,1,0.05,0.2,3,24.5,25.5,1.4922356180943024,0.7946310751926158,0.1999999999999993,immediate_or_unresolved,0.0,0.0
discovery,201227-4-3,201227_056.txt,data/03_Under pulse-wise external torque/01_Assisting_direction,15.892621503852315,1,0.075,0.1,0,20.0,21.0,-0.04119974764171275,1.1919466127889236,,none,0.3,0.30000000000000004
discovery,201227-4-3,201227_056.txt,data/03_Under pulse-wise external torque/01_Assisting_direction,15.892621503852315,1,0.075,0.1,1,21.5,22.5,1.8449106898013243,1.1919466127889236,,none,0.3,0.30000000000000004
discovery,201227-4-3,201227_056.txt,data/03_Under pulse-wise external torque/01_Assisting_direction,15.892621503852315,1,0.075,0.1,2,23.0,24.0,0.6525092388448906,1.1919466127889236,,none,0.3,0.30000000000000004
discovery,201227-4-3,201227_056.txt,data/03_Under pulse-wise external torque/01_Assisting_direction,15.892621503852315,1,0.075,0.1,3,24.5,25.5,0.14680457090900842,1.1919466127889236,0.23999999999999844,resolved_off,0.039999999999998426,0.0
discovery,201227-4-3,201227_056.txt,data/03_Under pulse-wise external torque/01_Assisting_direction,15.892621503852315,1,0.075,0.2,0,20.0,21.0,-0.032738414541343866,1.1919466127889236,,none,0.19999999999999996,0.30000000000000004
discovery,201227-4-3,201227_056.txt,data/03_Under pulse-wise external torque/01_Assisting_direction,15.892621503852315,1,0.075,0.2,1,21.5,22.5,0.5217375196283955,1.1919466127889236,,none,0.19999999999999996,0.30000000000000004
discovery,201227-4-3,201227_056.txt,data/03_Under pulse-wise external torque/01_Assisting_direction,15.892621503852315,1,0.075,0.2,2,23.0,24.0,0.09626766668569496,1.1919466127889236,,none,0.19999999999999996,0.30000000000000004
discovery,201227-4-3,201227_056.txt,data/03_Under pulse-wise external torque/01_Assisting_direction,15.892621503852315,1,0.075,0.2,3,24.5,25.5,1.4922356180943024,1.1919466127889236,0.23999999999999844,immediate_or_unresolved,0.0,0.0
discovery,201224-1-3,201224_005.txt,data/03_Under pulse-wise external torque/02_Hidering_direction,17.50006370572821,1,0.025,0.1,0,20.0,21.0,-0.07118214905564595,0.43750159264320526,0.28000000000000114,resolved_off,0.08000000000000113,0.0
discovery,201224-1-3,201224_005.txt,data/03_Under pulse-wise external torque/02_Hidering_direction,17.50006370572821,1,0.025,0.2,0,20.0,21.0,0.20385037906737963,0.43750159264320526,0.28000000000000114,ambiguous,0.0,0.0
discovery,201224-1-3,201224_005.txt,data/03_Under pulse-wise external torque/02_Hidering_direction,17.50006370572821,1,0.05,0.1,0,20.0,21.0,-0.07118214905564595,0.8750031852864105,0.3000000000000007,resolved_off,0.1000000000000007,0.0
discovery,201224-1-3,201224_005.txt,data/03_Under pulse-wise external torque/02_Hidering_direction,17.50006370572821,1,0.05,0.2,0,20.0,21.0,0.20385037906737963,0.8750031852864105,0.3000000000000007,resolved_off,6.661338147750939e-16,0.0
discovery,201224-1-3,201224_005.txt,data/03_Under pulse-wise external torque/02_Hidering_direction,17.50006370572821,1,0.075,0.1,0,20.0,21.0,-0.07118214905564595,1.3125047779296157,0.3099999999999987,resolved_off,0.10999999999999871,0.0
discovery,201224-1-3,201224_005.txt,data/03_Under pulse-wise external torque/02_Hidering_direction,17.50006370572821,1,0.075,0.2,0,20.0,21.0,0.20385037906737963,1.3125047779296157,0.3099999999999987,resolved_off,0.009999999999998677,0.0
discovery,201226-1-1,201226_002.txt,data/03_Under pulse-wise external torque/02_Hidering_direction,21.258081581613123,1,0.025,0.1,0,20.0,21.0,-0.43192395393891836,0.531452039540328,,none,0.3,0.30000000000000004
discovery,201226-1-1,201226_002.txt,data/03_Under pulse-wise external torque/02_Hidering_direction,21.258081581613123,1,0.025,0.1,1,21.5,22.5,-1.0128796762570684,0.531452039540328,,none,0.3,0.30000000000000004
discovery,201226-1-1,201226_002.txt,data/03_Under pulse-wise external torque/02_Hidering_direction,21.258081581613123,1,0.025,0.1,2,23.0,24.0,-0.6426237218786549,0.531452039540328,,none,0.3,0.30000000000000004
discovery,201226-1-1,201226_002.txt,data/03_Under pulse-wise external torque/02_Hidering_direction,21.258081581613123,1,0.025,0.1,3,24.5,25.5,0.06257553218441883,0.531452039540328,,none,0.3,0.30000000000000004
discovery,201226-1-1,201226_002.txt,data/03_Under pulse-wise external torque/02_Hidering_direction,21.258081581613123,1,0.025,0.1,4,26.0,27.0,-0.5379419979540411,0.531452039540328,,none,0.3,0.30000000000000004
discovery,201226-1-1,201226_002.txt,data/03_Under pulse-wise external torque/02_Hidering_direction,21.258081581613123,1,0.025,0.1,5,27.5,28.5,2.805008704549962,0.531452039540328,0.10000000000000142,immediate_or_unresolved,0.0,0.0
discovery,201226-1-1,201226_002.txt,data/03_Under pulse-wise external torque/02_Hidering_direction,21.258081581613123,1,0.025,0.2,0,20.0,21.0,-0.22847316171286663,0.531452039540328,,none,0.19999999999999996,0.30000000000000004
discovery,201226-1-1,201226_002.txt,data/03_Under pulse-wise external torque/02_Hidering_direction,21.258081581613123,1,0.025,0.2,1,21.5,22.5,0.15947948331332637,0.531452039540328,,none,0.19999999999999996,0.30000000000000004
discovery,201226-1-1,201226_002.txt,data/03_Under pulse-wise external torque/02_Hidering_direction,21.258081581613123,1,0.025,0.2,2,23.0,24.0,-0.4086108757294077,0.531452039540328,,none,0.19999999999999996,0.30000000000000004
discovery,201226-1-1,201226_002.txt,data/03_Under pulse-wise external torque/02_Hidering_direction,21.258081581613123,1,0.025,0.2,3,24.5,25.5,0.2125599763584301,0.531452039540328,,none,0.19999999999999996,0.30000000000000004
discovery,201226-1-1,201226_002.txt,data/03_Under pulse-wise external torque/02_Hidering_direction,21.258081581613123,1,0.025,0.2,4,26.0,27.0,-0.2535875726430191,0.531452039540328,,none,0.19999999999999996,0.30000000000000004
discovery,201226-1-1,201226_002.txt,data/03_Under pulse-wise external torque/02_Hidering_direction,21.258081581613123,1,0.025,0.2,5,27.5,28.5,3.048763233209951,0.531452039540328,0.1999999999999993,immediate_or_unresolved,0.0,0.0
discovery,201226-1-1,201226_002.txt,data/03_Under pulse-wise external torque/02_Hidering_direction,21.258081581613123,1,0.05,0.1,0,20.0,21.0,-0.43192395393891836,1.062904079080656,,none,0.3,0.30000000000000004
discovery,201226-1-1,201226_002.txt,data/03_Under pulse-wise external torque/02_Hidering_direction,21.258081581613123,1,0.05,0.1,1,21.5,22.5,-1.0128796762570684,1.062904079080656,,none,0.3,0.30000000000000004
discovery,201226-1-1,201226_002.txt,data/03_Under pulse-wise external torque/02_Hidering_direction,21.258081581613123,1,0.05,0.1,2,23.0,24.0,-0.6426237218786549,1.062904079080656,,none,0.3,0.30000000000000004
discovery,201226-1-1,201226_002.txt,data/03_Under pulse-wise external torque/02_Hidering_direction,21.258081581613123,1,0.05,0.1,3,24.5,25.5,0.06257553218441883,1.062904079080656,,none,0.3,0.30000000000000004
discovery,201226-1-1,201226_002.txt,data/03_Under pulse-wise external torque/02_Hidering_direction,21.258081581613123,1,0.05,0.1,4,26.0,27.0,-0.5379419979540411,1.062904079080656,,none,0.3,0.30000000000000004
discovery,201226-1-1,201226_002.txt,data/03_Under pulse-wise external torque/02_Hidering_direction,21.258081581613123,1,0.05,0.1,5,27.5,28.5,2.805008704549962,1.062904079080656,0.10000000000000142,immediate_or_unresolved,0.0,0.0
discovery,201226-1-1,201226_002.txt,data/03_Under pulse-wise external torque/02_Hidering_direction,21.258081581613123,1,0.05,0.2,0,20.0,21.0,-0.22847316171286663,1.062904079080656,,none,0.19999999999999996,0.30000000000000004
discovery,201226-1-1,201226_002.txt,data/03_Under pulse-wise external torque/02_Hidering_direction,21.258081581613123,1,0.05,0.2,1,21.5,22.5,0.15947948331332637,1.062904079080656,,none,0.19999999999999996,0.30000000000000004
discovery,201226-1-1,201226_002.txt,data/03_Under pulse-wise external torque/02_Hidering_direction,21.258081581613123,1,0.05,0.2,2,23.0,24.0,-0.4086108757294077,1.062904079080656,,none,0.19999999999999996,0.30000000000000004
discovery,201226-1-1,201226_002.txt,data/03_Under pulse-wise external torque/02_Hidering_direction,21.258081581613123,1,0.05,0.2,3,24.5,25.5,0.2125599763584301,1.062904079080656,,none,0.19999999999999996,0.30000000000000004
discovery,201226-1-1,201226_002.txt,data/03_Under pulse-wise external torque/02_Hidering_direction,21.258081581613123,1,0.05,0.2,4,26.0,27.0,-0.2535875726430191,1.062904079080656,,none,0.19999999999999996,0.30000000000000004
discovery,201226-1-1,201226_002.txt,data/03_Under pulse-wise external torque/02_Hidering_direction,21.258081581613123,1,0.05,0.2,5,27.5,28.5,3.048763233209951,1.062904079080656,0.1999999999999993,immediate_or_unresolved,0.0,0.0
discovery,201226-1-1,201226_002.txt,data/03_Under pulse-wise external torque/02_Hidering_direction,21.258081581613123,1,0.075,0.1,0,20.0,21.0,-0.43192395393891836,1.5943561186209843,,none,0.3,0.30000000000000004
discovery,201226-1-1,201226_002.txt,data/03_Under pulse-wise external torque/02_Hidering_direction,21.258081581613123,1,0.075,0.1,1,21.5,22.5,-1.0128796762570684,1.5943561186209843,,none,0.3,0.30000000000000004
discovery,201226-1-1,201226_002.txt,data/03_Under pulse-wise external torque/02_Hidering_direction,21.258081581613123,1,0.075,0.1,2,23.0,24.0,-0.6426237218786549,1.5943561186209843,,none,0.3,0.30000000000000004
discovery,201226-1-1,201226_002.txt,data/03_Under pulse-wise external torque/02_Hidering_direction,21.258081581613123,1,0.075,0.1,3,24.5,25.5,0.06257553218441883,1.5943561186209843,,none,0.3,0.30000000000000004
discovery,201226-1-1,201226_002.txt,data/03_Under pulse-wise external torque/02_Hidering_direction,21.258081581613123,1,0.075,0.1,4,26.0,27.0,-0.5379419979540411,1.5943561186209843,,none,0.3,0.30000000000000004
discovery,201226-1-1,201226_002.txt,data/03_Under pulse-wise external torque/02_Hidering_direction,21.258081581613123,1,0.075,0.1,5,27.5,28.5,2.805008704549962,1.5943561186209843,0.10000000000000142,immediate_or_unresolved,0.0,0.0
discovery,201226-1-1,201226_002.txt,data/03_Under pulse-wise external torque/02_Hidering_direction,21.258081581613123,1,0.075,0.2,0,20.0,21.0,-0.22847316171286663,1.5943561186209843,,none,0.19999999999999996,0.30000000000000004
discovery,201226-1-1,201226_002.txt,data/03_Under pulse-wise external torque/02_Hidering_direction,21.258081581613123,1,0.075,0.2,1,21.5,22.5,0.15947948331332637,1.5943561186209843,,none,0.19999999999999996,0.30000000000000004
discovery,201226-1-1,201226_002.txt,data/03_Under pulse-wise external torque/02_Hidering_direction,21.258081581613123,1,0.075,0.2,2,23.0,24.0,-0.4086108757294077,1.5943561186209843,,none,0.19999999999999996,0.30000000000000004
discovery,201226-1-1,201226_002.txt,data/03_Under pulse-wise external torque/02_Hidering_direction,21.258081581613123,1,0.075,0.2,3,24.5,25.5,0.2125599763584301,1.5943561186209843,,none,0.19999999999999996,0.30000000000000004
discovery,201226-1-1,201226_002.txt,data/03_Under pulse-wise external torque/02_Hidering_direction,21.258081581613123,1,0.075,0.2,4,26.0,27.0,-0.2535875726430191,1.5943561186209843,,none,0.19999999999999996,0.30000000000000004
discovery,201226-1-1,201226_002.txt,data/03_Under pulse-wise external torque/02_Hidering_direction,21.258081581613123,1,0.075,0.2,5,27.5,28.5,3.048763233209951,1.5943561186209843,0.1999999999999993,immediate_or_unresolved,0.0,0.0
discovery,201227-1-3,201227_007.txt,data/03_Under pulse-wise external torque/02_Hidering_direction,15.040901711288944,1,0.025,0.1,0,20.0,21.0,0.17225919264056228,0.37602254278222363,,none,0.3,0.30000000000000004
discovery,201227-1-3,201227_007.txt,data/03_Under pulse-wise external torque/02_Hidering_direction,15.040901711288944,1,0.025,0.1,1,21.5,22.5,3.567832818769334,0.37602254278222363,0.10000000000000142,immediate_or_unresolved,0.0,0.0
discovery,201227-1-3,201227_007.txt,data/03_Under pulse-wise external torque/02_Hidering_direction,15.040901711288944,1,0.025,0.2,0,20.0,21.0,0.0007282078297394246,0.37602254278222363,,none,0.19999999999999996,0.30000000000000004
discovery,201227-1-3,201227_007.txt,data/03_Under pulse-wise external torque/02_Hidering_direction,15.040901711288944,1,0.025,0.2,1,21.5,22.5,3.6116544161303956,0.37602254278222363,0.1999999999999993,immediate_or_unresolved,0.0,0.0
discovery,201227-1-3,201227_007.txt,data/03_Under pulse-wise external torque/02_Hidering_direction,15.040901711288944,1,0.05,0.1,0,20.0,21.0,0.17225919264056228,0.7520450855644473,,none,0.3,0.30000000000000004
discovery,201227-1-3,201227_007.txt,data/03_Under pulse-wise external torque/02_Hidering_direction,15.040901711288944,1,0.05,0.1,1,21.5,22.5,3.567832818769334,0.7520450855644473,0.10000000000000142,immediate_or_unresolved,0.0,0.0
discovery,201227-1-3,201227_007.txt,data/03_Under pulse-wise external torque/02_Hidering_direction,15.040901711288944,1,0.05,0.2,0,20.0,21.0,0.0007282078297394246,0.7520450855644473,,none,0.19999999999999996,0.30000000000000004
discovery,201227-1-3,201227_007.txt,data/03_Under pulse-wise external torque/02_Hidering_direction,15.040901711288944,1,0.05,0.2,1,21.5,22.5,3.6116544161303956,0.7520450855644473,0.1999999999999993,immediate_or_unresolved,0.0,0.0
discovery,201227-1-3,201227_007.txt,data/03_Under pulse-wise external torque/02_Hidering_direction,15.040901711288944,1,0.075,0.1,0,20.0,21.0,0.17225919264056228,1.1280676283466708,,none,0.3,0.30000000000000004
discovery,201227-1-3,201227_007.txt,data/03_Under pulse-wise external torque/02_Hidering_direction,15.040901711288944,1,0.075,0.1,1,21.5,22.5,3.567832818769334,1.1280676283466708,0.10000000000000142,immediate_or_unresolved,0.0,0.0
discovery,201227-1-3,201227_007.txt,data/03_Under pulse-wise external torque/02_Hidering_direction,15.040901711288944,1,0.075,0.2,0,20.0,21.0,0.0007282078297394246,1.1280676283466708,,none,0.19999999999999996,0.30000000000000004
discovery,201227-1-3,201227_007.txt,data/03_Under pulse-wise external torque/02_Hidering_direction,15.040901711288944,1,0.075,0.2,1,21.5,22.5,3.6116544161303956,1.1280676283466708,0.1999999999999993,immediate_or_unresolved,0.0,0.0
discovery,201223-2-8,201223_023.txt,data/03_Under pulse-wise external torque/02_Hidering_direction,17.401658043711638,1,0.025,0.1,0,20.0,21.0,-0.13278752875957006,0.43504145109279097,,none,0.3,0.30000000000000004
discovery,201223-2-8,201223_023.txt,data/03_Under pulse-wise external torque/02_Hidering_direction,17.401658043711638,1,0.025,0.1,1,21.5,22.5,1.5568394669896484,0.43504145109279097,0.10000000000000142,immediate_or_unresolved,0.0,0.0
discovery,201223-2-8,201223_023.txt,data/03_Under pulse-wise external torque/02_Hidering_direction,17.401658043711638,1,0.025,0.2,0,20.0,21.0,0.22373150962293392,0.43504145109279097,,none,0.19999999999999996,0.30000000000000004
discovery,201223-2-8,201223_023.txt,data/03_Under pulse-wise external torque/02_Hidering_direction,17.401658043711638,1,0.025,0.2,1,21.5,22.5,2.267336056291307,0.43504145109279097,0.1999999999999993,immediate_or_unresolved,0.0,0.0
discovery,201223-2-8,201223_023.txt,data/03_Under pulse-wise external torque/02_Hidering_direction,17.401658043711638,1,0.05,0.1,0,20.0,21.0,-0.13278752875957006,0.8700829021855819,,none,0.3,0.30000000000000004
discovery,201223-2-8,201223_023.txt,data/03_Under pulse-wise external torque/02_Hidering_direction,17.401658043711638,1,0.05,0.1,1,21.5,22.5,1.5568394669896484,0.8700829021855819,0.10000000000000142,immediate_or_unresolved,0.0,0.0
discovery,201223-2-8,201223_023.txt,data/03_Under pulse-wise external torque/02_Hidering_direction,17.401658043711638,1,0.05,0.2,0,20.0,21.0,0.22373150962293392,0.8700829021855819,,none,0.19999999999999996,0.30000000000000004
discovery,201223-2-8,201223_023.txt,data/03_Under pulse-wise external torque/02_Hidering_direction,17.401658043711638,1,0.05,0.2,1,21.5,22.5,2.267336056291307,0.8700829021855819,0.1999999999999993,immediate_or_unresolved,0.0,0.0
discovery,201223-2-8,201223_023.txt,data/03_Under pulse-wise external torque/02_Hidering_direction,17.401658043711638,1,0.075,0.1,0,20.0,21.0,-0.13278752875957006,1.3051243532783727,,none,0.3,0.30000000000000004
discovery,201223-2-8,201223_023.txt,data/03_Under pulse-wise external torque/02_Hidering_direction,17.401658043711638,1,0.075,0.1,1,21.5,22.5,1.5568394669896484,1.3051243532783727,0.10000000000000142,immediate_or_unresolved,0.0,0.0
discovery,201223-2-8,201223_023.txt,data/03_Under pulse-wise external torque/02_Hidering_direction,17.401658043711638,1,0.075,0.2,0,20.0,21.0,0.22373150962293392,1.3051243532783727,,none,0.19999999999999996,0.30000000000000004
discovery,201223-2-8,201223_023.txt,data/03_Under pulse-wise external torque/02_Hidering_direction,17.401658043711638,1,0.075,0.2,1,21.5,22.5,2.267336056291307,1.3051243532783727,0.1999999999999993,immediate_or_unresolved,0.0,0.0
discovery,210106-3-1,210106_035.txt,data/03_Under pulse-wise external torque/02_Hidering_direction,11.711714283366215,1,0.025,0.1,0,20.0,21.0,-0.5979604218767014,0.29279285708415537,,none,0.3,0.30000000000000004
discovery,210106-3-1,210106_035.txt,data/03_Under pulse-wise external torque/02_Hidering_direction,11.711714283366215,1,0.025,0.1,1,21.5,22.5,0.32378456265852396,0.29279285708415537,,none,0.3,0.30000000000000004
discovery,210106-3-1,210106_035.txt,data/03_Under pulse-wise external torque/02_Hidering_direction,11.711714283366215,1,0.025,0.1,2,23.0,24.0,0.034139573782594114,0.29279285708415537,,none,0.3,0.30000000000000004
discovery,210106-3-1,210106_035.txt,data/03_Under pulse-wise external torque/02_Hidering_direction,11.711714283366215,1,0.025,0.1,3,24.5,25.5,1.3641112995386109,0.29279285708415537,0.10000000000000142,immediate_or_unresolved,0.0,0.0
discovery,210106-3-1,210106_035.txt,data/03_Under pulse-wise external torque/02_Hidering_direction,11.711714283366215,1,0.025,0.2,0,20.0,21.0,-0.03223530471788478,0.29279285708415537,,none,0.19999999999999996,0.30000000000000004
discovery,210106-3-1,210106_035.txt,data/03_Under pulse-wise external torque/02_Hidering_direction,11.711714283366215,1,0.025,0.2,1,21.5,22.5,0.019746472326706586,0.29279285708415537,,none,0.19999999999999996,0.30000000000000004
discovery,210106-3-1,210106_035.txt,data/03_Under pulse-wise external torque/02_Hidering_direction,11.711714283366215,1,0.025,0.2,2,23.0,24.0,0.40389989941733917,0.29279285708415537,,none,0.19999999999999996,0.30000000000000004
discovery,210106-3-1,210106_035.txt,data/03_Under pulse-wise external torque/02_Hidering_direction,11.711714283366215,1,0.025,0.2,3,24.5,25.5,2.356653822067499,0.29279285708415537,0.1999999999999993,immediate_or_unresolved,0.0,0.0
discovery,210106-3-1,210106_035.txt,data/03_Under pulse-wise external torque/02_Hidering_direction,11.711714283366215,1,0.05,0.1,0,20.0,21.0,-0.5979604218767014,0.5855857141683107,,none,0.3,0.30000000000000004
discovery,210106-3-1,210106_035.txt,data/03_Under pulse-wise external torque/02_Hidering_direction,11.711714283366215,1,0.05,0.1,1,21.5,22.5,0.32378456265852396,0.5855857141683107,,none,0.3,0.30000000000000004
discovery,210106-3-1,210106_035.txt,data/03_Under pulse-wise external torque/02_Hidering_direction,11.711714283366215,1,0.05,0.1,2,23.0,24.0,0.034139573782594114,0.5855857141683107,,none,0.3,0.30000000000000004
discovery,210106-3-1,210106_035.txt,data/03_Under pulse-wise external torque/02_Hidering_direction,11.711714283366215,1,0.05,0.1,3,24.5,25.5,1.3641112995386109,0.5855857141683107,0.10000000000000142,immediate_or_unresolved,0.0,0.0
discovery,210106-3-1,210106_035.txt,data/03_Under pulse-wise external torque/02_Hidering_direction,11.711714283366215,1,0.05,0.2,0,20.0,21.0,-0.03223530471788478,0.5855857141683107,,none,0.19999999999999996,0.30000000000000004
discovery,210106-3-1,210106_035.txt,data/03_Under pulse-wise external torque/02_Hidering_direction,11.711714283366215,1,0.05,0.2,1,21.5,22.5,0.019746472326706586,0.5855857141683107,,none,0.19999999999999996,0.30000000000000004
discovery,210106-3-1,210106_035.txt,data/03_Under pulse-wise external torque/02_Hidering_direction,11.711714283366215,1,0.05,0.2,2,23.0,24.0,0.40389989941733917,0.5855857141683107,,none,0.19999999999999996,0.30000000000000004
discovery,210106-3-1,210106_035.txt,data/03_Under pulse-wise external torque/02_Hidering_direction,11.711714283366215,1,0.05,0.2,3,24.5,25.5,2.356653822067499,0.5855857141683107,0.1999999999999993,immediate_or_unresolved,0.0,0.0
discovery,210106-3-1,210106_035.txt,data/03_Under pulse-wise external torque/02_Hidering_direction,11.711714283366215,1,0.075,0.1,0,20.0,21.0,-0.5979604218767014,0.8783785712524661,,none,0.3,0.30000000000000004
discovery,210106-3-1,210106_035.txt,data/03_Under pulse-wise external torque/02_Hidering_direction,11.711714283366215,1,0.075,0.1,1,21.5,22.5,0.32378456265852396,0.8783785712524661,,none,0.3,0.30000000000000004
discovery,210106-3-1,210106_035.txt,data/03_Under pulse-wise external torque/02_Hidering_direction,11.711714283366215,1,0.075,0.1,2,23.0,24.0,0.034139573782594114,0.8783785712524661,,none,0.3,0.30000000000000004
discovery,210106-3-1,210106_035.txt,data/03_Under pulse-wise external torque/02_Hidering_direction,11.711714283366215,1,0.075,0.1,3,24.5,25.5,1.3641112995386109,0.8783785712524661,0.14000000000000057,immediate_or_unresolved,0.0,0.0
discovery,210106-3-1,210106_035.txt,data/03_Under pulse-wise external torque/02_Hidering_direction,11.711714283366215,1,0.075,0.2,0,20.0,21.0,-0.03223530471788478,0.8783785712524661,,none,0.19999999999999996,0.30000000000000004
discovery,210106-3-1,210106_035.txt,data/03_Under pulse-wise external torque/02_Hidering_direction,11.711714283366215,1,0.075,0.2,1,21.5,22.5,0.019746472326706586,0.8783785712524661,,none,0.19999999999999996,0.30000000000000004
discovery,210106-3-1,210106_035.txt,data/03_Under pulse-wise external torque/02_Hidering_direction,11.711714283366215,1,0.075,0.2,2,23.0,24.0,0.40389989941733917,0.8783785712524661,,none,0.19999999999999996,0.30000000000000004
discovery,210106-3-1,210106_035.txt,data/03_Under pulse-wise external torque/02_Hidering_direction,11.711714283366215,1,0.075,0.2,3,24.5,25.5,2.356653822067499,0.8783785712524661,0.1999999999999993,immediate_or_unresolved,0.0,0.0
discovery,210106-1-1,210106_001.txt,data/03_Under pulse-wise external torque/02_Hidering_direction,9.30507396876465,1,0.025,0.1,0,20.0,21.0,0.08367899637762602,0.23262684921911628,,none,0.3,0.30000000000000004
discovery,210106-1-1,210106_001.txt,data/03_Under pulse-wise external torque/02_Hidering_direction,9.30507396876465,1,0.025,0.1,1,21.5,22.5,0.8437915909985692,0.23262684921911628,0.10000000000000142,immediate_or_unresolved,0.0,0.0
discovery,210106-1-1,210106_001.txt,data/03_Under pulse-wise external torque/02_Hidering_direction,9.30507396876465,1,0.025,0.2,0,20.0,21.0,0.02739830294776575,0.23262684921911628,,none,0.19999999999999996,0.30000000000000004
discovery,210106-1-1,210106_001.txt,data/03_Under pulse-wise external torque/02_Hidering_direction,9.30507396876465,1,0.025,0.2,1,21.5,22.5,0.7795149902004125,0.23262684921911628,0.1999999999999993,immediate_or_unresolved,0.0,0.0
discovery,210106-1-1,210106_001.txt,data/03_Under pulse-wise external torque/02_Hidering_direction,9.30507396876465,1,0.05,0.1,0,20.0,21.0,0.08367899637762602,0.46525369843823255,,none,0.3,0.30000000000000004
discovery,210106-1-1,210106_001.txt,data/03_Under pulse-wise external torque/02_Hidering_direction,9.30507396876465,1,0.05,0.1,1,21.5,22.5,0.8437915909985692,0.46525369843823255,0.10000000000000142,immediate_or_unresolved,0.0,0.0
discovery,210106-1-1,210106_001.txt,data/03_Under pulse-wise external torque/02_Hidering_direction,9.30507396876465,1,0.05,0.2,0,20.0,21.0,0.02739830294776575,0.46525369843823255,,none,0.19999999999999996,0.30000000000000004
discovery,210106-1-1,210106_001.txt,data/03_Under pulse-wise external torque/02_Hidering_direction,9.30507396876465,1,0.05,0.2,1,21.5,22.5,0.7795149902004125,0.46525369843823255,0.1999999999999993,immediate_or_unresolved,0.0,0.0
discovery,210106-1-1,210106_001.txt,data/03_Under pulse-wise external torque/02_Hidering_direction,9.30507396876465,1,0.075,0.1,0,20.0,21.0,0.08367899637762602,0.6978805476573487,,none,0.3,0.30000000000000004
discovery,210106-1-1,210106_001.txt,data/03_Under pulse-wise external torque/02_Hidering_direction,9.30507396876465,1,0.075,0.1,1,21.5,22.5,0.8437915909985692,0.6978805476573487,0.28999999999999915,immediate_or_unresolved,0.0,0.0
discovery,210106-1-1,210106_001.txt,data/03_Under pulse-wise external torque/02_Hidering_direction,9.30507396876465,1,0.075,0.2,0,20.0,21.0,0.02739830294776575,0.6978805476573487,,none,0.19999999999999996,0.30000000000000004
discovery,210106-1-1,210106_001.txt,data/03_Under pulse-wise external torque/02_Hidering_direction,9.30507396876465,1,0.075,0.2,1,21.5,22.5,0.7795149902004125,0.6978805476573487,0.28999999999999915,immediate_or_unresolved,0.0,0.0
discovery,210106-1-4,210106_012.txt,data/03_Under pulse-wise external torque/02_Hidering_direction,8.093987911363389,1,0.025,0.1,0,20.0,21.0,-0.7164734841507282,0.20234969778408474,,none,0.3,0.30000000000000004
discovery,210106-1-4,210106_012.txt,data/03_Under pulse-wise external torque/02_Hidering_direction,8.093987911363389,1,0.025,0.1,1,21.5,22.5,0.5825855942105008,0.20234969778408474,0.10000000000000142,immediate_or_unresolved,0.0,0.0
discovery,210106-1-4,210106_012.txt,data/03_Under pulse-wise external torque/02_Hidering_direction,8.093987911363389,1,0.025,0.2,0,20.0,21.0,-0.20937659749125564,0.20234969778408474,,none,0.19999999999999996,0.30000000000000004
discovery,210106-1-4,210106_012.txt,data/03_Under pulse-wise external torque/02_Hidering_direction,8.093987911363389,1,0.025,0.2,1,21.5,22.5,0.49852160755873787,0.20234969778408474,,none,0.19999999999999996,0.30000000000000004
discovery,210106-1-4,210106_012.txt,data/03_Under pulse-wise external torque/02_Hidering_direction,8.093987911363389,1,0.025,0.2,2,23.0,24.0,1.1512482262447252,0.20234969778408474,0.1999999999999993,immediate_or_unresolved,0.0,0.0
discovery,210106-1-4,210106_012.txt,data/03_Under pulse-wise external torque/02_Hidering_direction,8.093987911363389,1,0.05,0.1,0,20.0,21.0,-0.7164734841507282,0.4046993955681695,,none,0.3,0.30000000000000004
discovery,210106-1-4,210106_012.txt,data/03_Under pulse-wise external torque/02_Hidering_direction,8.093987911363389,1,0.05,0.1,1,21.5,22.5,0.5825855942105008,0.4046993955681695,,none,0.3,0.30000000000000004
discovery,210106-1-4,210106_012.txt,data/03_Under pulse-wise external torque/02_Hidering_direction,8.093987911363389,1,0.05,0.1,2,23.0,24.0,0.8139198257132846,0.4046993955681695,0.10000000000000142,immediate_or_unresolved,0.0,0.0
discovery,210106-1-4,210106_012.txt,data/03_Under pulse-wise external torque/02_Hidering_direction,8.093987911363389,1,0.05,0.2,0,20.0,21.0,-0.20937659749125564,0.4046993955681695,,none,0.19999999999999996,0.30000000000000004
discovery,210106-1-4,210106_012.txt,data/03_Under pulse-wise external torque/02_Hidering_direction,8.093987911363389,1,0.05,0.2,1,21.5,22.5,0.49852160755873787,0.4046993955681695,,none,0.19999999999999996,0.30000000000000004
discovery,210106-1-4,210106_012.txt,data/03_Under pulse-wise external torque/02_Hidering_direction,8.093987911363389,1,0.05,0.2,2,23.0,24.0,1.1512482262447252,0.4046993955681695,0.1999999999999993,immediate_or_unresolved,0.0,0.0
discovery,210106-1-4,210106_012.txt,data/03_Under pulse-wise external torque/02_Hidering_direction,8.093987911363389,1,0.075,0.1,0,20.0,21.0,-0.7164734841507282,0.6070490933522541,,none,0.3,0.30000000000000004
discovery,210106-1-4,210106_012.txt,data/03_Under pulse-wise external torque/02_Hidering_direction,8.093987911363389,1,0.075,0.1,1,21.5,22.5,0.5825855942105008,0.6070490933522541,,none,0.3,0.30000000000000004
discovery,210106-1-4,210106_012.txt,data/03_Under pulse-wise external torque/02_Hidering_direction,8.093987911363389,1,0.075,0.1,2,23.0,24.0,0.8139198257132846,0.6070490933522541,0.14999999999999858,immediate_or_unresolved,0.0,0.0
discovery,210106-1-4,210106_012.txt,data/03_Under pulse-wise external torque/02_Hidering_direction,8.093987911363389,1,0.075,0.2,0,20.0,21.0,-0.20937659749125564,0.6070490933522541,,none,0.19999999999999996,0.30000000000000004
discovery,210106-1-4,210106_012.txt,data/03_Under pulse-wise external torque/02_Hidering_direction,8.093987911363389,1,0.075,0.2,1,21.5,22.5,0.49852160755873787,0.6070490933522541,,none,0.19999999999999996,0.30000000000000004
discovery,210106-1-4,210106_012.txt,data/03_Under pulse-wise external torque/02_Hidering_direction,8.093987911363389,1,0.075,0.2,2,23.0,24.0,1.1512482262447252,0.6070490933522541,0.1999999999999993,immediate_or_unresolved,0.0,0.0
discovery,210105-6-2,210105_044.txt,data/03_Under pulse-wise external torque/02_Hidering_direction,10.564845760672961,1,0.025,0.1,0,20.0,21.0,0.0896478262125441,0.264121144016824,,none,0.3,0.30000000000000004
discovery,210105-6-2,210105_044.txt,data/03_Under pulse-wise external torque/02_Hidering_direction,10.564845760672961,1,0.025,0.1,1,21.5,22.5,3.719736028802765,0.264121144016824,0.10000000000000142,immediate_or_unresolved,0.0,0.0
discovery,210105-6-2,210105_044.txt,data/03_Under pulse-wise external torque/02_Hidering_direction,10.564845760672961,1,0.025,0.2,0,20.0,21.0,0.23700841586640498,0.264121144016824,,none,0.19999999999999996,0.30000000000000004
discovery,210105-6-2,210105_044.txt,data/03_Under pulse-wise external torque/02_Hidering_direction,10.564845760672961,1,0.025,0.2,1,21.5,22.5,3.7104637940296747,0.264121144016824,0.1999999999999993,immediate_or_unresolved,0.0,0.0
discovery,210105-6-2,210105_044.txt,data/03_Under pulse-wise external torque/02_Hidering_direction,10.564845760672961,1,0.05,0.1,0,20.0,21.0,0.0896478262125441,0.528242288033648,,none,0.3,0.30000000000000004
discovery,210105-6-2,210105_044.txt,data/03_Under pulse-wise external torque/02_Hidering_direction,10.564845760672961,1,0.05,0.1,1,21.5,22.5,3.719736028802765,0.528242288033648,0.10000000000000142,immediate_or_unresolved,0.0,0.0
discovery,210105-6-2,210105_044.txt,data/03_Under pulse-wise external torque/02_Hidering_direction,10.564845760672961,1,0.05,0.2,0,20.0,21.0,0.23700841586640498,0.528242288033648,,none,0.19999999999999996,0.30000000000000004
discovery,210105-6-2,210105_044.txt,data/03_Under pulse-wise external torque/02_Hidering_direction,10.564845760672961,1,0.05,0.2,1,21.5,22.5,3.7104637940296747,0.528242288033648,0.1999999999999993,immediate_or_unresolved,0.0,0.0
discovery,210105-6-2,210105_044.txt,data/03_Under pulse-wise external torque/02_Hidering_direction,10.564845760672961,1,0.075,0.1,0,20.0,21.0,0.0896478262125441,0.7923634320504721,,none,0.3,0.30000000000000004
discovery,210105-6-2,210105_044.txt,data/03_Under pulse-wise external torque/02_Hidering_direction,10.564845760672961,1,0.075,0.1,1,21.5,22.5,3.719736028802765,0.7923634320504721,0.10000000000000142,immediate_or_unresolved,0.0,0.0
discovery,210105-6-2,210105_044.txt,data/03_Under pulse-wise external torque/02_Hidering_direction,10.564845760672961,1,0.075,0.2,0,20.0,21.0,0.23700841586640498,0.7923634320504721,,none,0.19999999999999996,0.30000000000000004
discovery,210105-6-2,210105_044.txt,data/03_Under pulse-wise external torque/02_Hidering_direction,10.564845760672961,1,0.075,0.2,1,21.5,22.5,3.7104637940296747,0.7923634320504721,0.1999999999999993,immediate_or_unresolved,0.0,0.0
