split,frac,guard,pulse_traces,pulse_unique_cells,resolved_postpulse,immediate_or_unresolved,ambiguous,baseline_before_firstpulse,at_risk_off_exposure_seconds,baseline_events,baseline_exposure_seconds,baseline_observed_rate,expected_off_events_at_baseline,poisson_survival_descriptive
discovery,0.025,0.1,16,16,0,14,1,1,8.48,5,54.14,0.09235315847801995,0.7831547838936093,1.0
discovery,0.025,0.2,16,16,1,13,2,0,8.439999999999996,5,53.540000000000006,0.09338812103100484,0.7881957415016806,0.5453356122328231
discovery,0.05,0.1,16,16,1,13,1,1,10.29,5,57.53,0.08691117677733357,0.8943160090387623,0.5911128218509597
discovery,0.05,0.2,16,16,0,13,2,1,8.719999999999997,5,56.93000000000001,0.08782715615668364,0.7658528016862811,1.0
discovery,0.075,0.1,16,16,1,12,2,1,11.73,5,75.63,0.06611133148221605,0.7754859182863945,0.5395200290117402
discovery,0.075,0.2,16,16,1,13,1,1,9.929999999999998,5,75.03,0.0666400106624017,0.6617353058776488,0.4840447829231343
validation,0.025,0.1,16,15,0,14,1,1,3.840000000000001,6,66.22999999999999,0.09059338668277217,0.34787860486184524,1.0
validation,0.025,0.2,16,15,2,13,0,1,4.0100000000000025,6,65.63000000000001,0.09142160597287824,0.366600639951242,0.05282770846687845
validation,0.05,0.1,16,15,1,15,0,0,4.85,5,80.72000000000001,0.061942517343904845,0.3004212091179385,0.2594937529998762
validation,0.05,0.2,16,15,1,15,0,0,4.89,5,80.12,0.062406390414378426,0.3051672491263105,0.2629998985397899
validation,0.075,0.1,16,15,1,14,1,0,5.6599999999999975,5,85.10999999999999,0.05874750323111269,0.33251086828809767,0.2828791250546373
validation,0.075,0.2,16,15,2,13,1,0,5.209999999999998,5,84.51,0.05916459590580996,0.3082475446692698,0.03878681232865584
