id	topics	title	path	extraction_level
LA001-broadcast-tree-score	quantum,broadcasting,entanglement_breaking,frame,measurement	One receiver per frame direction gives a simultaneous canonical measurement score	literature/lemmas/LA001-broadcast-tree-score.json	detailed_extraction; proof_reconstruction=false
LA002-common-EB-cone-separation	quantum,operator_order,convexity,entanglement_breaking,separation	Compact convex separation upgrades all-frame witnesses to one channel	literature/lemmas/LA002-common-EB-cone-separation.json	detailed_extraction; proof_reconstruction=false
LA003-bounded-SLD-score	quantum,memory,SLD,Dirichlet,support,reconstruction	Bounded SLD score turns reconstruction loss into commutator energy	literature/lemmas/LA003-bounded-SLD-score.json	detailed_extraction; proof_reconstruction=false
LA004-exact-source-sector-mass	quantum,memory,pinching,Kraus,localization,rank	Legal input pinching preserves exact right-modulus mass and simultaneous energies	literature/lemmas/LA004-exact-source-sector-mass.json	detailed_extraction; proof_reconstruction=false
LA005-holonomy-discrete-Nash	analysis,geometry,heat,Nash,flag,holonomy,quantum	Isometric-bundle path heat bound retains holonomy and yields discrete Nash	literature/lemmas/LA005-holonomy-discrete-Nash.json	detailed_extraction; proof_reconstruction=false
LA006-no-jump-semigroup-obstruction	analysis,heat,continuous_time,obstruction,Nash	Continuous no-jump term makes full-space smoothing norm infinite	literature/lemmas/LA006-no-jump-semigroup-obstruction.json	detailed_extraction; proof_reconstruction=false
LA007-sector-entropy-Jensen	statistical_mechanics,quantum,Jensen,entropy,sector,partition	Sector anti-concentration amplifies a single trial into a partition lower bound	literature/lemmas/LA007-sector-entropy-Jensen.json	detailed_extraction; proof_reconstruction=false
LA008-endpoint-completion-trial	statistical_mechanics,XXZ,boundary,discretization,finite_size	Exact ghost endpoints remove O(1) scaled-energy bias	literature/lemmas/LA008-endpoint-completion-trial.json	detailed_extraction; proof_reconstruction=false
LA009-odd-Hurwitz-endpoint	polynomials,stability,Hurwitz,exchange,root_factorization	Odd-degree closed-left-half-plane endpoint inequality	literature/lemmas/LA009-odd-Hurwitz-endpoint.json	detailed_extraction; proof_reconstruction=false
LA010-parity-reciprocal-exchange	polynomials,Hurwitz,parity,exchange,determinant,sampling	Reciprocal twist and weighted fields give coefficient-one square-root exchange	literature/lemmas/LA010-parity-reciprocal-exchange.json	detailed_extraction; proof_reconstruction=false
LA011-hard-support-Gram	quantum,detection,energy,Cholesky,support,tensor	Energy-ordered triangular inverse preserves hard legality	literature/lemmas/LA011-hard-support-Gram.json	detailed_extraction; proof_reconstruction=false
LA012-uniform-rounded-type	probability,types,rounding,energy,finite_size,detection	Uniform polynomial-probability type rounding yields exact legal probes	literature/lemmas/LA012-uniform-rounded-type.json	detailed_extraction; proof_reconstruction=false
LA013-calibrated-proper-score	statistics,Gaussian,proper_score,weak_signal,memory,information	A weak-signal proper score recovers linear TV-to-feature distortion	literature/lemmas/LA013-calibrated-proper-score.json	detailed_extraction; proof_reconstruction=false
LA014-incompatible-query-information	quantum,information,random_access,Holevo,SSA,memory,Gaussian	SSA charges incompatible later measurements to the same quantum memory	literature/lemmas/LA014-incompatible-query-information.json	detailed_extraction; proof_reconstruction=false
LA015-arbitrary-tolerance-affine	geometry,affine,reaction_networks,tolerance,compactness,power_scale	Finite affine active slopes approximate exponent vectors with discontinuous tolerance	literature/lemmas/LA015-arbitrary-tolerance-affine.json	detailed_extraction; proof_reconstruction=false
LA016-uniform-active-bound	geometry,affine,compactness,uniformity,reaction_networks	Fix the affine family before extracting a uniform small-scale activity cutoff	literature/lemmas/LA016-uniform-active-bound.json	detailed_extraction; proof_reconstruction=false
