series,pdf_draw_index,x_pdf,y_pdf,B_T,theta_per_mille,temperature_K,kappa_xx_W_mK
sample2_before,315,412.1050109863281,240.00486755371094,-9.015936454743624,0.0999237573216837,30.2,
sample2_before,316,431.4941101074219,239.4545135498047,-6.02472564528902,0.1083178993890685,30.2,
sample2_before,317,451.06878662109375,250.3449249267578,-3.004885289964169,-0.05778548065644201,30.2,
sample2_before,318,470.4578857421875,246.46670532226562,-0.013674480509564546,0.0013661310290609885,30.2,
sample2_before,319,489.85438537597656,242.58941650390625,2.9786780268357713,0.06050354612295618,30.2,
sample2_before,320,509.42076110839844,253.47889709472656,5.997237797309985,-0.10558563733094652,30.2,
sample2_before,321,528.8172912597656,252.93040466308594,8.989595012687861,-0.09721988844677734,30.2,
sample2_before,322,528.8172912597656,254.59434509277344,8.989595012687861,-0.12259873962134142,30.2,
sample2_before,323,509.42076110839844,249.7946014404297,5.997237797309985,-0.04939180405107714,30.2,
sample2_before,324,489.85438537597656,242.7676239013672,2.9786780268357713,0.05778548065758557,30.2,
sample2_before,325,470.4578857421875,246.46670532226562,-0.013674480509564546,0.0013661310290609885,30.2,
sample2_before,326,451.06878662109375,250.16578674316406,-3.004885289964169,-0.0550532185994636,30.2,
sample2_before,327,431.4941101074219,243.13882446289062,-6.02472564528902,0.052123833378189155,30.2,
sample2_before,328,412.1050109863281,238.3409194946289,-9.015936454743624,0.12530272486175276,30.2,
sample2_after_24h,342,412.10499572753906,201.95584106445312,-9.015938808759895,0.6802573818789491,28.7,
sample2_after_24h,343,431.4940948486328,232.4349365234375,-6.02472799930529,0.21538230955789864,28.7,
sample2_after_24h,344,451.0688018798828,243.33273315429688,-3.0048829359479,0.0491662877035655,28.7,
sample2_after_24h,345,470.4652862548828,246.46670532226562,-0.012532782618833949,0.0013661310290609885,28.7,
sample2_after_24h,346,489.85438537597656,249.6099090576172,2.9786780268357713,-0.0465748279064718,28.7,
sample2_after_24h,347,509.42076110839844,260.505859375,5.997237797309985,-0.21276268930859926,28.7,
sample2_after_24h,348,528.8098754882812,290.79290771484375,8.98845096078086,-0.6747086091382417,28.7,
sample2_after_24h,349,528.8098754882812,282.109375,8.98845096078086,-0.5422651150638376,28.7,
sample2_after_24h,350,509.42076110839844,271.9539794921875,5.997237797309985,-0.38737238776829724,28.7,
sample2_after_24h,351,489.85438537597656,255.14283752441406,2.9786780268357713,-0.1309644885055106,28.7,
sample2_after_24h,352,470.4652862548828,246.46670532226562,-0.012532782618833949,0.0013661310290609885,28.7,
sample2_after_24h,353,451.0688018798828,237.79058837890625,-3.0048829359479,0.13369651783262262,28.7,
sample2_after_24h,354,431.4940948486328,220.79473876953125,-6.02472799930529,0.3929216259710246,28.7,
sample2_after_24h,355,412.10499572753906,210.82586669921875,-9.015938808759895,0.5449694494007639,28.7,
sample3_before,366,251.0576629638672,475.469970703125,-10.022030916092627,-0.21446690112334377,29.9,17.6
sample3_before,369,260.4779815673828,479.7194061279297,-8.033256729277802,-0.31031827815802343,29.9,17.6
sample3_before,372,270.0922088623047,457.36793518066406,-6.003545434462842,0.19384734736022188,29.9,17.6
sample3_before,375,279.5041809082031,453.8609161376953,-4.016533334371031,0.2729525862804837,29.9,17.6
sample3_before,378,288.9161834716797,462.53704833984375,-2.029514791548972,0.0772514787741664,29.9,17.6
sample3_before,381,298.33648681640625,465.86492919921875,-0.04074382609927163,0.0021869275830848425,29.9,17.6
sample3_before,384,307.9507141113281,469.1854248046875,1.988967468715689,-0.07271103988900836,29.9,17.6
sample3_before,387,317.3617706298828,477.68426513671875,3.975786286900041,-0.2644131055958925,29.9,17.6
sample3_before,390,326.77467346191406,474.17724609375,5.962994890264435,-0.18530786667563068,29.9,17.6
sample3_before,393,336.38890075683594,451.8331604003906,7.9927061850793955,0.31869117512362627,29.9,17.6
sample3_before,396,345.80828857421875,456.2598571777344,9.981283868621635,0.2188414446519886,29.9,17.6
sample3_before,409,251.0576629638672,467.8926696777344,-10.022030916092627,-0.04355131707882013,29.9,17.6
sample3_before,412,260.4779815673828,470.849365234375,-8.033256729277802,-0.11024331548454913,29.9,17.6
sample3_before,415,270.0922088623047,465.68023681640625,-6.003545434462842,0.0063528972827439426,29.9,17.6
sample3_before,418,279.5041809082031,467.71539306640625,-4.016533334371031,-0.03955261946062454,29.9,17.6
sample3_before,421,288.9161834716797,467.3441925048828,-2.029514791548972,-0.031179722494034414,29.9,17.6
sample3_before,424,298.33648681640625,465.86492919921875,-0.04074382609927163,0.0021869275830848425,29.9,17.6
sample3_before,427,307.9507141113281,464.38751220703125,1.988967468715689,0.03551193173045701,29.9,17.6
sample3_before,430,317.3617706298828,464.01629638671875,3.975786286900041,0.04388517287828472,29.9,17.6
sample3_before,433,326.77467346191406,466.05145263671875,5.962994890264435,-0.0020203438650837663,29.9,17.6
sample3_before,436,336.38890075683594,460.8804931640625,7.9927061850793955,0.11461717065071882,29.9,17.6
sample3_before,439,345.80828857421875,463.82977294921875,9.981283868621635,0.04809244432645333,29.9,17.6
sample3_short_T2_T3,451,440.54412841796875,508.3406524658203,9.981483587300467,-0.9559065974726274,28.4,18.2
sample3_short_T2_T3,454,426.31671142578125,499.6571350097656,6.977856006864478,-0.7600389062473217,28.4,18.2
sample3_short_T2_T3,457,412.10499572753906,482.66868591308594,3.97754321220925,-0.3768430044822889,28.4,18.2
sample3_short_T2_T3,460,393.26531982421875,465.86492919921875,0.00019650333291565403,0.0021869275830848425,28.4,18.2
sample3_short_T2_T3,463,374.24742126464844,449.05560302734375,-4.0147757623163045,0.381342485800175,28.4,18.2
sample3_short_T2_T3,466,360.02000427246094,432.06532287597656,-7.018403342752293,0.7645796893137173,28.4,18.2
sample3_short_T2_T3,469,345.80828857421875,423.5757141113281,-10.018716137407521,0.9560735253718661,28.4,18.2
sample3_short_T2_T3,472,345.80828857421875,420.8037109375,-10.018716137407521,1.018599554077936,28.4,18.2
sample3_short_T2_T3,475,360.02000427246094,430.9591064453125,-7.018403342752293,0.7895317964944994,28.4,18.2
sample3_short_T2_T3,478,426.31671142578125,500.9498748779297,6.977856006864478,-0.7891982848762724,28.4,18.2
sample3_short_T2_T3,481,440.54412841796875,511.1117401123047,9.981483587300467,-1.0184119753044425,28.4,18.2
sample3_short_T1_T4,493,440.54412841796875,482.482177734375,9.981483587300467,-0.37263607721535785,28.4,18.2
sample3_short_T1_T4,496,426.31671142578125,476.9418640136719,6.977856006864478,-0.24766731166271225,28.4,18.2
sample3_short_T1_T4,499,412.10499572753906,472.14208984375,3.97754321220925,-0.1394023499322622,28.4,18.2
sample3_short_T1_T4,502,393.26531982421875,465.86492919921875,0.00019650333291565403,0.0021869275830848425,28.4,18.2
sample3_short_T1_T4,505,374.24742126464844,459.58775329589844,-4.0147757623163045,0.14377654927966946,28.4,18.2
sample3_short_T1_T4,508,360.02000427246094,454.78245544433594,-7.018403342752293,0.25216610461812317,28.4,18.2
sample3_short_T1_T4,511,345.80828857421875,449.42681884765625,-10.018716137407521,0.3729692446523473,28.4,18.2
sample3_short_T1_T4,514,345.80828857421875,452.1969757080078,-10.018716137407521,0.3104848618760245,28.4,18.2
sample3_short_T1_T4,517,360.02000427246094,456.8175964355469,-7.018403342752293,0.20626093205599227,28.4,18.2
sample3_short_T1_T4,520,426.31671142578125,474.9122619628906,6.977856006864478,-0.2018870768898226,28.4,18.2
sample3_short_T1_T4,523,440.54412841796875,479.5254821777344,9.981483587300467,-0.30594407880962887,28.4,18.2
sample3_long_T2_T3,538,530.4793395996094,483.2245788574219,8.968190307944429,-0.3893818711485381,28.3,17.3
sample3_long_T2_T3,541,516.2593383789062,480.2697448730469,5.966129278537679,-0.3227318628537938,28.3,17.3
sample3_long_T2_T3,544,502.0337371826172,474.9122619628906,2.962886008130292,-0.2018870768898226,28.3,17.3
sample3_long_T2_T3,547,488.00022888183594,465.86492919921875,0.00019650327324427508,0.0021869275830848425,28.3,17.3
sample3_long_T2_T3,550,473.78759765625,456.8175964355469,-3.00030860677845,0.20626093205599227,28.3,17.3
sample3_long_T2_T3,553,459.56202697753906,451.4619598388672,-6.003545434455587,0.3270640720902164,28.3,17.3
sample3_long_T2_T3,556,445.3419952392578,448.5052795410156,-9.005612906592587,0.3937557263147078,28.3,17.3
sample3_long_T2_T3,559,445.3419952392578,440.0064392089844,-9.005612906592587,0.585457792021592,28.3,17.3
sample3_long_T2_T3,562,459.56202697753906,450.5404357910156,-6.003545434455587,0.34785020957133933,28.3,17.3
sample3_long_T2_T3,565,473.78759765625,457.92381286621094,-3.00030860677845,0.18130882487521024,28.3,17.3
sample3_long_T2_T3,568,487.82110595703125,465.86492919921875,-0.037619101921402276,0.0021869275830848425,28.3,17.3
sample3_long_T2_T3,571,502.0337371826172,473.8060302734375,2.962886008130292,-0.17693462552780298,28.3,17.3
sample3_long_T2_T3,574,516.2593383789062,481.3759460449219,5.966129278537679,-0.34768362585333823,28.3,17.3
sample3_long_T2_T3,577,530.4793395996094,491.7160186767578,8.968190307944429,-0.5809170089551964,28.3,17.3
sample3_long_T1_T4,592,530.4793395996094,476.5762023925781,8.968190307944429,-0.23941935248536336,28.3,17.3
sample3_long_T1_T4,595,516.2593383789062,472.14208984375,5.966129278537679,-0.1394023499322622,28.3,17.3
sample3_long_T1_T4,598,502.0337371826172,467.71539306640625,2.962886008130292,-0.03955261946062454,28.3,17.3
sample3_long_T1_T4,601,488.00022888183594,465.86492919921875,0.00019650327324427508,0.0021869275830848425,28.3,17.3
sample3_long_T1_T4,604,473.78759765625,464.01629638671875,-3.00030860677845,0.04388517287828472,28.3,17.3
sample3_long_T1_T4,607,459.56202697753906,459.58775329589844,-6.003545434455587,0.14377654927966946,28.3,17.3
sample3_long_T1_T4,610,445.3419952392578,455.1536560058594,-9.005612906592587,0.24379320765153306,28.3,17.3
sample3_long_T1_T4,613,445.3419952392578,450.5404357910156,-9.005612906592587,0.34785020957133933,28.3,17.3
sample3_long_T1_T4,616,459.56202697753906,451.09075927734375,-6.003545434455587,0.33543696905680653,28.3,17.3
sample3_long_T1_T4,619,473.78759765625,459.9515686035156,-3.00030860677845,0.1355702360320677,28.3,17.3
sample3_long_T1_T4,622,487.82110595703125,465.86492919921875,-0.037619101921402276,0.0021869275830848425,28.3,17.3
sample3_long_T1_T4,625,502.0337371826172,471.7709045410156,2.962886008130292,-0.13102979714690965,28.3,17.3
sample3_long_T1_T4,628,516.2593383789062,480.81822204589844,5.966129278537679,-0.3351034574385795,28.3,17.3
sample3_long_T1_T4,631,530.4793395996094,481.1894226074219,8.968190307944429,-0.34347635440516966,28.3,17.3
