case,p_exact,p,lower,upper,relative_bracket_width,oracle_queries,max_coordinate_bits,octaves,seconds,mc_chernoff_sufficient_queries
rectangle_k2,3/80,0.0375,0.0375,0.03923828125,0.04635416666666667,247,10,4,0.001284625002881512,29512
triangle_k2,1/32,0.03125,0.03083984375,0.0319635009765625,0.036435243825205826,605,14,8,0.0029860840004403144,35414
thin_strip_k2,1/16,0.0625,0.0625,0.0640625,0.025,288,10,4,0.0009194170124828815,17707
two_arms_k2,31/256,0.12109375,0.12109375,0.12402099609375,0.024173387096774194,525,10,4,0.0013497089967131615,9139
staircase_k2,1/50,0.02,0.02,0.020709228515625,0.03546142578125,575,14,8,0.0024752080207690597,55334
rectangle_k4,3/1280,0.00234375,0.00234375,0.002452392578125,0.04635416666666667,488,14,8,0.003762832988286391,472177
triangle_k4,1/512,0.001953125,0.00191650390625,0.002018585205078125,0.053264331210191085,488,14,8,0.002753499982645735,566612
thin_strip_k4,1/256,0.00390625,0.00390625,0.00400390625,0.025,610,14,8,0.0023428749991580844,283306
two_arms_k4,511/65536,0.0077972412109375,0.0077972412109375,0.00799178123474121,0.02494985322896282,1086,14,8,0.005985833005979657,141931
staircase_k4,1/800,0.00125,0.00125,0.0012943267822265625,0.03546142578125,456,14,8,0.0024030000204220414,885332
rectangle_k8,3/327680,9.1552734375e-06,9.1552734375e-06,9.579658508300781e-06,0.04635416666666667,969,22,16,0.006367333990056068,120877202
triangle_k8,1/131072,7.62939453125e-06,7.534027099609375e-06,7.793530821800232e-06,0.03444422468354431,969,22,16,0.005477917002281174,145052643
thin_strip_k8,1/65536,1.52587890625e-05,1.52587890625e-05,1.56402587890625e-05,0.025,1252,22,16,0.0053598750091623515,72526322
two_arms_k8,131071/4294967296,3.0517345294356346e-05,3.0517345294356346e-05,3.1280272960430014e-05,0.024999804495273555,2207,22,16,0.009963415999663994,36263438
staircase_k8,1/204800,4.8828125e-06,4.8828125e-06,5.05596399307251e-06,0.03546142578125,937,22,16,0.007997041015187278,226644754
rectangle_k12,3/83886080,3.5762786865234374e-08,3.5762786865234374e-08,3.7420541048049926e-08,0.04635416666666667,809,22,16,0.00730762499733828,30944563700
triangle_k12,1/33554432,2.9802322387695312e-08,2.9243528842926024e-08,3.080116584897041e-08,0.053264331210191085,809,22,16,0.007081124989781529,37133476440
thin_strip_k12,1/16777216,5.960464477539063e-08,5.960464477539063e-08,6.109476089477539e-08,0.025,2854,38,32,0.011327417014399543,18566738220
two_arms_k12,33554431/281474976710656,1.1920928599806757e-07,1.1920928599806757e-07,1.2218951805698097e-07,0.024999999236315466,4128,38,32,0.013805458002025262,9283369387
staircase_k12,1/52428800,1.9073486328125e-08,1.9073486328125e-08,1.9749859347939492e-08,0.03546142578125,777,22,16,0.005147541989572346,58021056938
rectangle_k20,3/5497558138880,5.456968210637569e-13,5.456968210637569e-13,5.709921424568165e-13,0.04635416666666667,1770,38,32,0.013425291981548071,2027982926631129
triangle_k20,1/2199023255552,4.547473508864641e-13,4.4906300900038334e-13,4.643641027257672e-13,0.03407337816455696,1770,38,32,0.009526124980766326,2433579511957354
thin_strip_k20,1/1099511627776,9.094947017729282e-13,9.094947017729282e-13,9.322320693172514e-13,0.025,6056,70,64,0.022035708010662347,1216789755978677
two_arms_k20,2199023255551/1208925819614629174706176,1.8189894035450293e-12,1.8189894035450293e-12,1.864464138633634e-12,0.024999999999988348,7969,70,64,0.027448541979538277,608394877989616
staircase_k20,1/3435973836800,2.9103830456733704e-13,2.9103830456733704e-13,3.013589378042525e-13,0.03546142578125,1738,38,32,0.009688207996077836,3802467987433366
