group,file,cell,strong,pulse,key,path,split
data/01_Without external torque,210120_012.txt,210120-1-7,200,,075859dec4ed07c280555c0c09d3780e1d1f6a251f884516fc4579a677668f59,data/01_Without external torque/traces_4000Hz/210120_012.txt,discovery
data/01_Without external torque,210128_015.txt,210128-2-6,200,,17fa375a1a61f8a05bcf52caaf71da24196ea9927ab37a6d1ad15024bee95780,data/01_Without external torque/traces_4000Hz/210128_015.txt,discovery
data/01_Without external torque,201208_006.txt,201208-2-1,250,,23729738d5f17f12f9e84e39303cc9c847727ab22cbdc8ca2252c71d36dd05c7,data/01_Without external torque/traces_4000Hz/201208_006.txt,discovery
data/01_Without external torque,210128_008.txt,210128-2-2,200,,911c3dac7f3cb862c27dd7725b70c90682e116c04f972a576b42f63848f5c260,data/01_Without external torque/traces_4000Hz/210128_008.txt,discovery
data/01_Without external torque,201208_003.txt,201208-1-2,200,,a5655434176b4a3d272df6cc23a43b5526aa433549a92ff1685e1d6089987f77,data/01_Without external torque/traces_4000Hz/201208_003.txt,discovery
data/01_Without external torque,210120_009.txt,210120-1-5,300,,b20514f28cdb265ad70a8fc028d977e85a42eb1a521e5eff85d3b6ca83511e7b,data/01_Without external torque/traces_4000Hz/210120_009.txt,discovery
data/01_Without external torque,210204_005.txt,210204-1-3,300,,15c402b357594cdb38d3f6da8d1903418a9a9627adb9c7d16ff2def453fc4206,data/01_Without external torque/traces_4000Hz/210204_005.txt,validation
data/01_Without external torque,210122_058.txt,210122-3-4,150,,3133c10f179250c5bad42da88cf4acf9a7d79d5ac8dd166eb1121b45009aea99,data/01_Without external torque/traces_4000Hz/210122_058.txt,validation
data/01_Without external torque,201201_021.txt,201201-2-5,200,,313c5a61213c6388a1ff9fe3545a77b66f34d98d5b9d07527e3cbf20b5d3efa5,data/01_Without external torque/traces_4000Hz/201201_021.txt,validation
data/01_Without external torque,201201_009.txt,201201-1-6,200,,48cc17a76675f8ea98b48f682b4b90da3f8b4c444a8346a12bdcfc009fa069b4,data/01_Without external torque/traces_4000Hz/201201_009.txt,validation
data/01_Without external torque,201201_017.txt,201201-2-3,200,,84fd108f0b07c2d09a83d0ffe8d5a07b4ae30ab576f0bc58a6177468fe1dde3d,data/01_Without external torque/traces_4000Hz/201201_017.txt,validation
data/01_Without external torque,201208_001.txt,201208-1-1,200,,a9d6b0a52fb90af7da2c1718418278e3b1fe8dfe827e2f2d5cbbb6d3325c0857,data/01_Without external torque/traces_4000Hz/201208_001.txt,validation
data/03_Under pulse-wise external torque/01_Assisting_direction,201221_006.txt,201221-1-3,300,40.0,0032c4b4e42c73eefd9c2c4caf3a67cb64f33a2bd5260dba9ca46733e2aa7e36,data/03_Under pulse-wise external torque/01_Assisting_direction/traces_4000Hz/201221_006.txt,discovery
data/03_Under pulse-wise external torque/01_Assisting_direction,210118_038.txt,210118-4-2,200,30.0,01ccb99031864e0681e2a3823cf99a01cb062ba24249e48f602814fa6469c553,data/03_Under pulse-wise external torque/01_Assisting_direction/traces_4000Hz/210118_038.txt,discovery
data/03_Under pulse-wise external torque/01_Assisting_direction,210118_024.txt,210118-3-1,200,33.0,03e9ea44820dbaff47523aeec65028cd11adb664ab132f4571c21e08d7855308,data/03_Under pulse-wise external torque/01_Assisting_direction/traces_4000Hz/210118_024.txt,discovery
data/03_Under pulse-wise external torque/01_Assisting_direction,201222_019.txt,201222-2-4,300,50.0,12a506d066f21bc02d6c4636ec75cfe33f5a9bd39f8230124b0a721afe5fe896,data/03_Under pulse-wise external torque/01_Assisting_direction/traces_4000Hz/201222_019.txt,discovery
data/03_Under pulse-wise external torque/01_Assisting_direction,201218_016.txt,201218-2-3,300,20.0,193a343868aa257dd2d2750a15d250d19c8c4e2537dd8de228015adf684bd211,data/03_Under pulse-wise external torque/01_Assisting_direction/traces_4000Hz/201218_016.txt,discovery
data/03_Under pulse-wise external torque/01_Assisting_direction,210107_011.txt,210107-1-6,300,50.0,197802e0721853bb845a6eec4255231e24931d7c62934c1e61361a03eea7db49,data/03_Under pulse-wise external torque/01_Assisting_direction/traces_4000Hz/210107_011.txt,discovery
data/03_Under pulse-wise external torque/01_Assisting_direction,210113_018.txt,210113-2-1,250,30.0,2bedfb22b8f32a31952cb008da1aec9da415dc16faa18395beaf47e10d8e22ff,data/03_Under pulse-wise external torque/01_Assisting_direction/traces_4000Hz/210113_018.txt,discovery
data/03_Under pulse-wise external torque/01_Assisting_direction,201227_056.txt,201227-4-3,200,3.0,31d7021833a19f4793d7c11eaf5a5941d399b3605585cbcc849af4e95506d8d6,data/03_Under pulse-wise external torque/01_Assisting_direction/traces_4000Hz/201227_056.txt,discovery
data/03_Under pulse-wise external torque/01_Assisting_direction,210113_002.txt,210113-1-2,200,45.0,03ffa56b9048b54090171908c1c83ab504bd36423169b00e60fa5c6e37336487,data/03_Under pulse-wise external torque/01_Assisting_direction/traces_4000Hz/210113_002.txt,validation
data/03_Under pulse-wise external torque/01_Assisting_direction,210113_036.txt,210113-4-1,300,50.0,044d1dcb7bbad1ca29124c9f3d0bae56bdb5a2e386db0ae8e36b0c46a0a683b8,data/03_Under pulse-wise external torque/01_Assisting_direction/traces_4000Hz/210113_036.txt,validation
data/03_Under pulse-wise external torque/01_Assisting_direction,201227_060.txt,201227-4-4,200,2.0,082b9081f07218ff1cc37d110ad0d9e3b45850d991ce2e49298ed9735b1f7cf1,data/03_Under pulse-wise external torque/01_Assisting_direction/traces_4000Hz/201227_060.txt,validation
data/03_Under pulse-wise external torque/01_Assisting_direction,201222_052.txt,201222-4-3,300,50.0,0c0f9a993cfb56f3e5a13fcfe2f01066447f1578054ca68322a647025332008b,data/03_Under pulse-wise external torque/01_Assisting_direction/traces_4000Hz/201222_052.txt,validation
data/03_Under pulse-wise external torque/01_Assisting_direction,210115_008.txt,210115-2-2,300,40.0,0d84403139270a3193d22023f5cae68270c7fa3a7db297b2043462fed75d8fad,data/03_Under pulse-wise external torque/01_Assisting_direction/traces_4000Hz/210115_008.txt,validation
data/03_Under pulse-wise external torque/01_Assisting_direction,201218_027.txt,201218-3-5,300,20.0,1145410197292174a30a57d0290df574513c9ff64bd95fb8f501c2808012b64e,data/03_Under pulse-wise external torque/01_Assisting_direction/traces_4000Hz/201218_027.txt,validation
data/03_Under pulse-wise external torque/01_Assisting_direction,210107_008.txt,210107-1-5,200,50.0,123e6661a076feded985cef75dc8dadd32fa15a3f7cd291de1c5aa70ce33a9d5,data/03_Under pulse-wise external torque/01_Assisting_direction/traces_4000Hz/210107_008.txt,validation
data/03_Under pulse-wise external torque/01_Assisting_direction,201216_003.txt,201216-2-1,200,5.0,1257c8fd690ba195d20bebded8a8bef31d4b0b1d563a3aead04e5f0c03b7cbf4,data/03_Under pulse-wise external torque/01_Assisting_direction/traces_4000Hz/201216_003.txt,validation
data/03_Under pulse-wise external torque/02_Hidering_direction,201224_005.txt,201224-1-3,300,20.0,147b8dbcf447bfb7e6630295a128f1f918cc2c87db1cd85c2e34383110b28779,data/03_Under pulse-wise external torque/02_Hidering_direction/traces_4000Hz/201224_005.txt,discovery
data/03_Under pulse-wise external torque/02_Hidering_direction,201226_002.txt,201226-1-1,250,40.0,21e6421c08fbe023602628a32d8f7f1728f25c16169b070839e9a5bc0cf4a52c,data/03_Under pulse-wise external torque/02_Hidering_direction/traces_4000Hz/201226_002.txt,discovery
data/03_Under pulse-wise external torque/02_Hidering_direction,201227_007.txt,201227-1-3,300,70.0,32f98938af35e10f164c613edab1f4a07510ec976020d79924cb0abb5c4ca300,data/03_Under pulse-wise external torque/02_Hidering_direction/traces_4000Hz/201227_007.txt,discovery
data/03_Under pulse-wise external torque/02_Hidering_direction,201223_023.txt,201223-2-8,300,5.0,33ec326a3b2edf76716bea70c21fd668f6743ee2395caeb69c5e82acc2ddddb2,data/03_Under pulse-wise external torque/02_Hidering_direction/traces_4000Hz/201223_023.txt,discovery
data/03_Under pulse-wise external torque/02_Hidering_direction,210106_035.txt,210106-3-1,300,50.0,34733f5e705255e0cace767991621d3a368f1d9e6125ec5db57184028f9d4c14,data/03_Under pulse-wise external torque/02_Hidering_direction/traces_4000Hz/210106_035.txt,discovery
data/03_Under pulse-wise external torque/02_Hidering_direction,210106_001.txt,210106-1-1,300,50.0,37acda2862260680d1a2286fd0cbe8e1b3403200a9c07fa262be69f3d5be0c64,data/03_Under pulse-wise external torque/02_Hidering_direction/traces_4000Hz/210106_001.txt,discovery
data/03_Under pulse-wise external torque/02_Hidering_direction,210106_012.txt,210106-1-4,250,50.0,48413552410e59584eaf58d7ddb6a828f0d28a4fc77c949caa420771a5dcf27c,data/03_Under pulse-wise external torque/02_Hidering_direction/traces_4000Hz/210106_012.txt,discovery
data/03_Under pulse-wise external torque/02_Hidering_direction,210105_044.txt,210105-6-2,300,50.0,5798081e506287d5ad40d170942a936eba460b6a951b69d0a75ca4a8befc534d,data/03_Under pulse-wise external torque/02_Hidering_direction/traces_4000Hz/210105_044.txt,discovery
data/03_Under pulse-wise external torque/02_Hidering_direction,201223_011.txt,201223-2-3,300,5.0,02578387f09421100ae49a6fbdced53c41000b86d977eedb8381035a9a822848,data/03_Under pulse-wise external torque/02_Hidering_direction/traces_4000Hz/201223_011.txt,validation
data/03_Under pulse-wise external torque/02_Hidering_direction,210113_004.txt,210113-1-2,200,45.0,03ffa56b9048b54090171908c1c83ab504bd36423169b00e60fa5c6e37336487,data/03_Under pulse-wise external torque/02_Hidering_direction/traces_4000Hz/210113_004.txt,validation
data/03_Under pulse-wise external torque/02_Hidering_direction,201227_043.txt,201227-3-2,300,4.0,06473187ba62d4653c3ac4e6ba7042c980e7c103bedb7257f142c480c15e5d40,data/03_Under pulse-wise external torque/02_Hidering_direction/traces_4000Hz/201227_043.txt,validation
data/03_Under pulse-wise external torque/02_Hidering_direction,210105_025.txt,210105-4-4,300,30.0,07b3eb43dddd8e109af8d7aef6102ba094b0c0b243aed6cdd2bae624265fb4e7,data/03_Under pulse-wise external torque/02_Hidering_direction/traces_4000Hz/210105_025.txt,validation
data/03_Under pulse-wise external torque/02_Hidering_direction,210106_050.txt,210106-3-5,200,50.0,114afadd85dd42d358cba5153e2508a47fbb31952dc9c2e2134758f8f82d13de,data/03_Under pulse-wise external torque/02_Hidering_direction/traces_4000Hz/210106_050.txt,validation
data/03_Under pulse-wise external torque/02_Hidering_direction,201226_016.txt,201226-2-1,300,40.0,15a97a03bd9066a027a1cfb67a9c9d8bba0d6bfdab0937631baa53e050c225b1,data/03_Under pulse-wise external torque/02_Hidering_direction/traces_4000Hz/201226_016.txt,validation
data/03_Under pulse-wise external torque/02_Hidering_direction,201226_020.txt,201226-2-2,300,40.0,18b842bb269ebc360affa8d474bf01be59330e214b048e445dee5fb3042d08bb,data/03_Under pulse-wise external torque/02_Hidering_direction/traces_4000Hz/201226_020.txt,validation
data/03_Under pulse-wise external torque/02_Hidering_direction,201224_017.txt,201224-2-1,300,20.0,1a6a1037b195e266335b63d955cec11dda1196b59e29a46a970e43454c127e76,data/03_Under pulse-wise external torque/02_Hidering_direction/traces_4000Hz/201224_017.txt,validation
