blocker_id	trigger_terms	path
B-GAUSS-PHASE	arbitrary phase Gaussian herald; generic phase sampler; positive kernel herald; inverse herald probability; rare Gaussian conditional sampling	frontier/blockers/B-GAUSS-PHASE.json
B-COPY-LADDER	copy ladder broadcasting; growing receiver count; independent cloning; broadcasting classical reconstruction; broadcasting implies entanglement breaking; bounded Holevo EB lift	frontier/blockers/B-COPY-LADDER.json
B-EPR-PARITY	EPR star parity; EPR* loop counting; signed swap triangle; odd cycle easy plane; positive three connection expansion	frontier/blockers/B-EPR-PARITY.json
B-BORN-CURVATURE	Born curvature stable amplitudes; stable amplitude squared log concavity; spectral gap Born law curvature; fractional log concavity ground state	frontier/blockers/B-BORN-CURVATURE.json
B-ENERGY-CONTRACT	expected versus hard energy; expected cost hard support; spectral energy cutoff; typical projector hard energy; hard energy exponent	frontier/blockers/B-ENERGY-CONTRACT.json
B-SELECTIVE-COVER	complete block cover selective output; all field 9/4 selective matrix product; block cover lower bound; shared output local arithmetic; selective product decomposition	frontier/blockers/B-SELECTIVE-COVER.json
B-EXACT-ORACLE-INTERFACE	exact matrix oracle learning; noisy matrix query learner; full matrix output versus excitation budget; adaptive query acquisition; exact oracle versus passive samples	frontier/blockers/B-EXACT-ORACLE-INTERFACE.json
B-AA-AXIAL-DOMAIN	universal axial threshold; large N delta less than two; negative alpha; two by two moment minors	frontier/blockers/B-AA-AXIAL-DOMAIN.json
B-AA-COMPILER-EXECUTION	universal Gibbs compiler; N64 end to end budget; optimizer success; phase modulus; optimal threshold implementation	frontier/blockers/B-AA-COMPILER-EXECUTION.json
B-AA-ROUNDED-DEPTH	all time entanglement depth; rounded N64 ensemble; collective thermal trajectory	frontier/blockers/B-AA-ROUNDED-DEPTH.json
B-AA-SCHUR-TRANSFER	central mixture maximum row; Werner depth; proper group spin one; variable d compiler; Schur sector depth	frontier/blockers/B-AA-SCHUR-TRANSFER.json
B-AA-NEWTON	positive Newton interpolation; exact Newton mixture; explosive birth survival	frontier/blockers/B-AA-NEWTON.json
B-AA-WORKERS	Luna Sol superiority; 130 worker cost effectiveness; compute matched; cohort comparison	frontier/blockers/B-AA-WORKERS.json
B-AA-HYPERBOLIC-GROUP-RING	hyperbolic direct finiteness; Bartels Lueck Reich idempotent; nonsofic group ring; disk geometry	frontier/blockers/B-AA-HYPERBOLIC-GROUP-RING.json
B-AB-SEPARABILITY-CUTS	thermal singleton separability; thermal bound entanglement; thermal genuine multipartite entanglement; all cuts thermal ppt	frontier/blockers/B-AB-SEPARABILITY-CUTS.json
B-AB-FINITE-PPT-COST	finite time thermal ppt; thermal constant preparation time; thermal ppt endpoint; exact four qubit certificate	frontier/blockers/B-AB-FINITE-PPT-COST.json
B-AB-REGULARIZATION	thermal regularized entropy; thermal relative entropy exact coefficient; conditional sector product overlap	frontier/blockers/B-AB-REGULARIZATION.json
B-AB-EXTRACTION-NOISE	group distillation; thermal unlocking; thermal herald Bell pair rate; post preparation noise	frontier/blockers/B-AB-EXTRACTION-NOISE.json
B-AC-TRANSIENT-CUTS	all time singleton PPT; thermal constant preparation cost; sharp thermal entropy	frontier/blockers/B-AC-TRANSIENT-CUTS.json
B-AD-FORMAL-GLOBAL	Lean permanence global absorber; reaction formal box invariance; formal entry theorem	frontier/blockers/B-AD-FORMAL-GLOBAL.json
B-AD-RESTRICTED-SEEDS	Spin seed universal mixture; Spin15 counterexample; common EB constant factor	frontier/blockers/B-AD-RESTRICTED-SEEDS.json
B-AD-APPLICATION-CONTROLS	model free corneal synergy; immune switching manuscript error; harvested chemical selectivity	frontier/blockers/B-AD-APPLICATION-CONTROLS.json
B-AE-MEMORY-CONTRACT	qutrit quantum memory total cost; zeta one collision law; vanishing critical splitting	frontier/blockers/B-AE-MEMORY-CONTRACT.json
B-AE-XXZ-UNIFORMITY	XXZ coexistence vacuum mixture; moving strict threshold; tricritical Gibbs number law	frontier/blockers/B-AE-XXZ-UNIFORMITY.json
B-AE-ARCHIVE-PREPARATION	all copy Gibbs efficient archive; quartic dispersion classicality; unknown invariant Hamiltonian	frontier/blockers/B-AE-ARCHIVE-PREPARATION.json
