beta,h_beta,q_critical
5.000000000000000104e-03,1.005000020746956713e+00,9.950248550808581394e-01
1.214592274678111608e-02,1.012146218394870623e+00,9.879995417913699507e-01
1.929184549356223119e-02,1.019293023275273713e+00,9.810721521341528861e-01
2.643776824034334977e-02,1.026440781928513957e+00,9.742403240459366343e-01
3.358369098712446488e-02,1.033589832988357271e+00,9.675017768980553878e-01
4.072961373390557999e-02,1.040740507451845209e+00,9.608543079085155592e-01
4.787553648068669510e-02,1.047893128938230944e+00,9.542957887444512011e-01
5.502145922746781020e-02,1.055048013937510243e+00,9.478241623032231944e-01
6.216738197424892531e-02,1.062205472049031263e+00,9.414374396612411600e-01
6.931330472103004736e-02,1.069365806210650804e+00,9.351336971803392295e-01
7.645922746781116941e-02,1.076529312918867776e+00,9.289110737622474634e-01
8.360515021459227758e-02,1.083696282440352876e+00,9.227677682423354177e-01
9.075107296137339963e-02,1.090866999015265071e+00,9.167020369144071035e-01
9.789699570815450780e-02,1.098041741052726783e+00,9.107121911788789159e-01
1.050429184549356298e-01,1.105220781318812406e+00,9.047965953071774869e-01
1.121888412017167380e-01,1.112404387117381654e+00,8.989536643156723628e-01
1.193347639484978601e-01,1.119592820464080818e+00,8.931818619428905093e-01
1.264806866952789821e-01,1.126786338253808362e+00,8.874796987241695412e-01
1.336266094420600903e-01,1.133985192421933963e+00,8.818457301582817154e-01
1.407725321888411985e-01,1.141189630099544772e+00,8.762785549609060087e-01
1.479184549356223344e-01,1.148399893762974466e+00,8.707768134001554472e-01
1.550643776824034425e-01,1.155616221377862018e+00,8.653391857096658368e-01
1.622103004291845507e-01,1.162838846537975757e+00,8.599643905750290473e-01
1.693562231759656589e-01,1.170067998599023884e+00,8.546511836896196757e-01
1.765021459227467948e-01,1.177303902807663505e+00,8.493983563761023925e-01
1.836480686695279030e-01,1.184546780425908441e+00,8.442047342701366475e-01
1.907939914163090112e-01,1.191796848851130353e+00,8.390691760630019091e-01
1.979399141630901471e-01,1.199054321731833905e+00,8.339905723000663462e-01
2.050858369098712553e-01,1.206319409079381177e+00,8.289678442322032659e-01
2.122317596566523634e-01,1.213592317375829843e+00,8.239999427174324875e-01
2.193776824034334716e-01,1.220873249678045669e+00,8.190858471702187060e-01
2.265236051502146075e-01,1.228162405718238537e+00,8.142245645560145517e-01
2.336695278969957157e-01,1.235459982001065216e+00,8.094151284287716130e-01
2.408154506437768239e-01,1.242766171897438321e+00,8.046565980092729164e-01
2.479613733905579598e-01,1.250081165735172251e+00,7.999480573022635932e-01
2.551072961373390680e-01,1.257405150886587997e+00,7.952886142504718148e-01
2.622532188841201761e-01,1.264738311853200736e+00,7.906773999237171058e-01
2.693991416309012843e-01,1.272080830347601665e+00,7.861135677414033962e-01
2.765450643776823925e-01,1.279432885372643325e+00,7.815962927267915417e-01
2.836909871244635006e-01,1.286794653298033442e+00,7.771247707915295289e-01
2.908369098712446643e-01,1.294166307934436100e+00,7.726982180490060692e-01
2.979828326180257725e-01,1.301548020605175937e+00,7.683158701551662251e-01
3.051287553648068807e-01,1.308939960215635967e+00,7.639769816755072052e-01
3.122746781115879888e-01,1.316342293320437840e+00,7.596808254770323066e-01
3.194206008583690970e-01,1.323755184188483813e+00,7.554266921440168092e-01
3.265665236051502052e-01,1.331178794865946147e+00,7.512138894164874792e-01
3.337124463519313133e-01,1.338613285237274297e+00,7.470417416503872809e-01
3.408583690987124770e-01,1.346058813084298977e+00,7.429095892984384220e-01
3.480042918454935852e-01,1.353515534143495902e+00,7.388167884107806893e-01
3.551502145922746934e-01,1.360983602161485617e+00,7.347627101544949024e-01
3.622961373390558015e-01,1.368463168948824027e+00,7.307467403511804793e-01
3.694420600858369097e-01,1.375954384432152899e+00,7.267682790317887553e-01
3.765879828326180179e-01,1.383457396704765641e+00,7.228267400079565475e-01
3.837339055793991260e-01,1.390972352075644736e+00,7.189215504591260908e-01
3.908798283261802897e-01,1.398499395117028143e+00,7.150521505347656737e-01
3.980257510729613979e-01,1.406038668710553940e+00,7.112179929710448212e-01
4.051716738197425061e-01,1.413590314092034506e+00,7.074185427213482980e-01
4.123175965665236142e-01,1.421154470894908872e+00,7.036532766000408445e-01
4.194635193133047224e-01,1.428731277192416327e+00,6.999216829389279804e-01
4.266094420600858306e-01,1.436320869538541434e+00,6.962232612558767464e-01
4.337553648068669387e-01,1.443923383007765349e+00,6.925575219350970091e-01
4.409012875536481024e-01,1.451538951233672048e+00,6.889239859185960491e-01
4.480472103004292106e-01,1.459167706446442114e+00,6.853221844083515757e-01
4.551931330472103188e-01,1.466809779509275824e+00,6.817516585787640748e-01
4.623390557939914269e-01,1.474465299953781283e+00,6.782119592989717116e-01
4.694849785407725351e-01,1.482134396014360478e+00,6.747026468646308839e-01
4.766309012875536433e-01,1.489817194661628985e+00,6.712232907387825076e-01
4.837768240343347514e-01,1.497513821634899545e+00,6.677734693014435452e-01
4.909227467811159151e-01,1.505224401473763685e+00,6.643527696075754996e-01
4.980686695278970233e-01,1.512949057548796938e+00,6.609607871531042456e-01
5.052145922746781315e-01,1.520687912091420069e+00,6.575971256486731198e-01
5.123605150214591841e-01,1.528441086222940948e+00,6.542613968008305081e-01
5.195064377682403478e-01,1.536208699982807291e+00,6.509532201003623841e-01
5.266523605150215115e-01,1.543990872356091781e+00,6.476722226174982389e-01
5.337982832618025641e-01,1.551787721300236678e+00,6.444180388037250573e-01
5.409442060085837278e-01,1.559599363771081881e+00,6.411903102999598758e-01
5.480901287553647805e-01,1.567425915748198229e+00,6.379886857508401121e-01
5.552360515021459442e-01,1.575267492259548208e+00,6.348128206249021854e-01
5.623819742489269968e-01,1.583124207405495198e+00,6.316623770404288241e-01
5.695278969957081605e-01,1.590996174382184103e+00,6.285370235967538965e-01
5.766738197424893242e-01,1.598883505504307800e+00,6.254364352108239267e-01
5.838197424892703769e-01,1.606786312227285629e+00,6.223602929588227806e-01
5.909656652360515405e-01,1.614704705168865440e+00,6.193082839226756731e-01
5.981115879828325932e-01,1.622638794130170981e+00,6.162801010412538583e-01
6.052575107296137569e-01,1.630588688116211049e+00,6.132754429661114726e-01
6.124034334763948095e-01,1.638554495355865059e+00,6.102940139215923265e-01
6.195493562231759732e-01,1.646536323321365236e+00,6.073355235691472176e-01
6.266952789699571369e-01,1.654534278747283205e+00,6.043996868757181007e-01
6.338412017167381896e-01,1.662548467649046291e+00,6.014862239860389037e-01
6.409871244635193532e-01,1.670578995340986417e+00,5.985948600987212043e-01
6.481330472103004059e-01,1.678625966453944685e+00,5.957253253459882103e-01
6.552789699570815696e-01,1.686689484952440976e+00,5.928773546769319225e-01
6.624248927038626222e-01,1.694769654151419447e+00,5.900506877441734632e-01
6.695708154506437859e-01,1.702866576732587678e+00,5.872450687938052249e-01
6.767167381974249496e-01,1.710980354760357036e+00,5.844602465585069240e-01
6.838626609442060023e-01,1.719111089697396899e+00,5.816959741537255368e-01
6.910085836909871659e-01,1.727258882419816732e+00,5.789520089768143141e-01
6.981545064377682186e-01,1.735423833231981350e+00,5.762281126090342820e-01
7.053004291845493823e-01,1.743606041880977564e+00,5.735240507203187565e-01
7.124463519313304349e-01,1.751805607570732004e+00,5.708395929767129395e-01
7.195922746781115986e-01,1.760022628975802972e+00,5.681745129503946723e-01
7.267381974248927623e-01,1.768257204254842785e+00,5.655285880321961889e-01
7.338841201716738150e-01,1.776509431063748590e+00,5.629015993465422696e-01
7.410300429184549786e-01,1.784779406568508753e+00,5.602933316687251919e-01
7.481759656652360313e-01,1.793067227457748158e+00,5.577035733444434262e-01
7.553218884120171950e-01,1.801372989954991288e+00,5.551321162115269159e-01
7.624678111587982476e-01,1.809696789830638419e+00,5.525787555237834381e-01
7.696137339055794113e-01,1.818038722413674479e+00,5.500432898768924384e-01
7.767596566523605750e-01,1.826398882603108786e+00,5.475255211362872743e-01
7.839055793991416277e-01,1.834777364879159878e+00,5.450252543669574790e-01
7.910515021459227913e-01,1.843174263314188099e+00,5.425422977651135348e-01
7.981974248927038440e-01,1.851589671583385277e+00,5.400764625916555373e-01
8.053433476394850077e-01,1.860023682975226578e+00,5.376275631073880179e-01
8.124892703862660603e-01,1.868476390401691667e+00,5.351954165099278571e-01
8.196351931330472240e-01,1.876947886408261823e+00,5.327798428722524404e-01
8.267811158798283877e-01,1.885438263183698782e+00,5.303806650828374325e-01
8.339270386266094404e-01,1.893947612569610195e+00,5.279977087873363173e-01
8.410729613733906040e-01,1.902476026069809256e+00,5.256308023317536327e-01
8.482188841201716567e-01,1.911023594859471375e+00,5.232797767070667128e-01
8.553648068669528204e-01,1.919590409794096564e+00,5.209444654952534171e-01
8.625107296137338730e-01,1.928176561418280865e+00,5.186247048166815476e-01
8.696566523605150367e-01,1.936782139974299932e+00,5.163203332788216526e-01
8.768025751072962004e-01,1.945407235410514302e+00,5.140311919262410267e-01
8.839484978540772531e-01,1.954051937389596372e+00,5.117571241918434932e-01
8.910944206008584167e-01,1.962716335296587067e+00,5.094979758493167754e-01
8.982403433476394694e-01,1.971400518246785083e+00,5.072535949667521527e-01
9.053862660944206331e-01,1.980104575093472263e+00,5.050238318614027611e-01
9.125321888412016857e-01,1.988828594435482211e+00,5.028085390555461220e-01
9.196781115879828494e-01,1.997572664624611916e+00,5.006075712334210337e-01
9.268240343347640131e-01,2.006336873772885276e+00,4.984207851992051297e-01
9.339699570815450658e-01,2.015121309759666524e+00,4.962480398360061828e-01
9.411158798283262295e-01,2.023926060238634861e+00,4.940891960658350679e-01
9.482618025751072821e-01,2.032751212644616334e+00,4.919441168105350703e-01
9.554077253218884458e-01,2.041596854200280031e+00,4.898126669536395639e-01
9.625536480686694984e-01,2.050463071922703495e+00,4.876947133031309112e-01
9.696995708154506621e-01,2.059349952629806246e+00,4.855901245550772183e-01
9.768454935622318258e-01,2.068257582946660289e+00,4.834987712581202413e-01
9.839914163090128785e-01,2.077186049311675831e+00,4.814205257787926295e-01
9.911373390557940422e-01,2.086135437982667096e+00,4.793552622676403030e-01
9.982832618025750948e-01,2.095105835042801790e+00,4.773028566261286465e-01
1.005429184549356147e+00,2.104097326406436874e+00,4.752631864743102064e-01
1.012575107296137311e+00,2.113109997824841990e+00,4.732361311192334608e-01
1.019721030042918253e+00,2.122143934891814965e+00,4.712215715240724578e-01
1.026866952789699416e+00,2.131199223049192071e+00,4.692193902779581149e-01
1.034012875536480580e+00,2.140275947592253925e+00,4.672294715664911946e-01
1.041158798283261744e+00,2.149374193675030131e+00,4.652517011429200822e-01
1.048304721030042908e+00,2.158494046315508008e+00,4.632859662999642691e-01
1.055450643776823849e+00,2.167635590400741386e+00,4.613321558422673330e-01
1.062596566523605013e+00,2.176798910691870592e+00,4.593901600594615386e-01
1.069742489270386177e+00,2.185984091829044740e+00,4.574598706998299624e-01
1.076888412017167340e+00,2.195191218336260519e+00,4.555411809445474303e-01
1.084034334763948504e+00,2.204420374626111290e+00,4.536339853824879476e-01
1.091180257510729446e+00,2.213671645004448241e+00,4.517381799855825220e-01
1.098326180257510609e+00,2.222945113674964723e+00,4.498536620847123357e-01
1.105472103004291773e+00,2.232240864743693987e+00,4.479803303461251107e-01
1.112618025751072937e+00,2.241558982223427421e+00,4.461180847483606215e-01
1.119763948497853878e+00,2.250899550038060415e+00,4.442668265596708133e-01
1.126909871244635042e+00,2.260262652026857833e+00,4.424264583159238096e-01
1.134055793991416206e+00,2.269648371948646659e+00,4.405968837989790998e-01
1.141201716738197369e+00,2.279056793485937149e+00,4.387780080155209705e-01
1.148347639484978533e+00,2.288488000248972476e+00,4.369697371763393567e-01
1.155493562231759475e+00,2.297942075779710436e+00,4.351719786760472886e-01
1.162639484978540638e+00,2.307419103555737205e+00,4.333846410732224985e-01
1.169785407725321802e+00,2.316919166994115376e+00,4.316076340709644743e-01
1.176931330472102966e+00,2.326442349455166259e+00,4.298408684978554661e-01
1.184077253218884129e+00,2.335988734246192688e+00,4.280842562893151237e-01
1.191223175965665071e+00,2.345558404625135651e+00,4.263377104693408248e-01
1.198369098712446235e+00,2.355151443804176736e+00,4.246011451326213715e-01
1.205515021459227398e+00,2.364767934953274420e+00,4.228744754270186146e-01
1.212660944206008562e+00,2.374407961203649275e+00,4.211576175364042940e-01
1.219806866952789504e+00,2.384071605651211456e+00,4.194504886638457664e-01
1.226952789699570667e+00,2.393758951359929998e+00,4.177530070151320718e-01
1.234098712446351831e+00,2.403470081365153721e+00,4.160650917826309025e-01
1.241244635193132995e+00,2.413205078676873505e+00,4.143866631294700897e-01
1.248390557939914158e+00,2.422964026282939276e+00,4.127176421740345047e-01
1.255536480686695100e+00,2.432747007152223251e+00,4.110579509747712135e-01
1.262682403433476264e+00,2.442554104237735224e+00,4.094075125152967232e-01
1.269828326180257427e+00,2.452385400479687227e+00,4.077662506897976602e-01
1.276974248927038591e+00,2.462240978808516001e+00,4.061340902887183302e-01
1.284120171673819755e+00,2.472120922147855282e+00,4.045109569847291087e-01
1.291266094420600696e+00,2.482025313417465462e+00,4.028967773189686685e-01
1.298412017167381860e+00,2.491954235536118389e+00,4.012914786875531048e-01
1.305557939914163024e+00,2.501907771424438653e+00,3.996949893283472388e-01
1.312703862660944187e+00,2.511886004007702677e+00,3.981072383079903299e-01
1.319849785407725129e+00,2.521889016218598734e+00,3.965281555091714760e-01
1.326995708154506293e+00,2.531916890999944325e+00,3.949576716181487090e-01
1.334141630901287456e+00,2.541969711307364488e+00,3.933957181125058988e-01
1.341287553648068620e+00,2.552047560111931013e+00,3.918422272491429159e-01
1.348433476394849784e+00,2.562150520402766141e+00,3.902971320524921683e-01
1.355579399141630725e+00,2.572278675189605845e+00,3.887603663029585155e-01
1.362725321888411889e+00,2.582432107505331143e+00,3.872318645255751757e-01
1.369871244635193053e+00,2.592610900408458541e+00,3.857115619788734073e-01
1.377017167381974216e+00,2.602815136985599853e+00,3.841993946439587471e-01
1.384163090128755380e+00,2.613044900353887368e+00,3.826952992137903631e-01
1.391309012875536322e+00,2.623300273663364379e+00,3.811992130826595826e-01
1.398454935622317485e+00,2.633581340099343748e+00,3.797110743358616536e-01
1.405600858369098649e+00,2.643888182884734483e+00,3.782308217395580208e-01
1.412746781115879813e+00,2.654220885282339015e+00,3.767583947308237868e-01
1.419892703862660754e+00,2.664579530597114942e+00,3.752937334078771392e-01
1.427038626609441918e+00,2.674964202178412798e+00,3.738367785204860794e-01
1.434184549356223082e+00,2.685374983422178730e+00,3.723874714605494574e-01
1.441330472103004245e+00,2.695811957773134981e+00,3.709457542528470930e-01
1.448476394849785409e+00,2.706275208726923953e+00,3.695115695459577076e-01
1.455622317596566351e+00,2.716764819832233169e+00,3.680848606033378934e-01
1.462768240343347514e+00,2.727280874692886936e+00,3.666655712945619539e-01
1.469914163090128678e+00,2.737823456969913583e+00,3.652536460867166768e-01
1.477060085836909842e+00,2.748392650383589153e+00,3.638490300359489837e-01
1.484206008583691005e+00,2.758988538715451355e+00,3.624516687791631275e-01
1.491351931330471947e+00,2.769611205810291299e+00,3.610615085258636614e-01
1.498497854077253111e+00,2.780260735578120812e+00,3.596784960501420159e-01
1.505643776824034274e+00,2.790937211996115330e+00,3.583025786828026860e-01
1.512789699570815438e+00,2.801640719110532807e+00,3.569337043036270862e-01
1.519935622317596380e+00,2.812371341038609973e+00,3.555718213337715206e-01
1.527081545064377543e+00,2.823129161970439061e+00,3.542168787282963804e-01
1.534227467811158707e+00,2.833914266170815210e+00,3.528688259688250728e-01
1.541373390557939871e+00,2.844726737981071008e+00,3.515276130563279589e-01
1.548519313304721035e+00,2.855566661820883478e+00,3.501931905040308046e-01
1.555665236051501976e+00,2.866434122190063771e+00,3.488655093304437460e-01
1.562811158798283140e+00,2.877329203670324187e+00,3.475445210525090478e-01
1.569957081545064304e+00,2.888251990927028778e+00,3.462301776788647145e-01
1.577103004291845467e+00,2.899202568710917749e+00,3.449224317032229536e-01
1.584248927038626631e+00,2.910181021859822081e+00,3.436212360978581626e-01
1.591394849785407573e+00,2.921187435300350188e+00,3.423265443072064373e-01
1.598540772532188736e+00,2.932221894049563460e+00,3.410383102415703305e-01
1.605686695278969900e+00,2.943284483216629166e+00,3.397564882709296907e-01
1.612832618025751064e+00,2.954375288004456035e+00,3.384810332188548099e-01
1.619978540772532005e+00,2.965494393711316068e+00,3.372119003565203221e-01
1.627124463519313169e+00,2.976641885732445925e+00,3.359490453968181911e-01
1.634270386266094333e+00,2.987817849561630990e+00,3.346924244885673971e-01
1.641416309012875496e+00,2.999022370792778336e+00,3.334419942108182711e-01
1.648562231759656660e+00,3.010255535121465709e+00,3.321977115672505310e-01
1.655708154506437602e+00,3.021517428346483403e+00,3.309595339806618575e-01
1.662854077253218765e+00,3.032808136371354379e+00,3.297274192875464527e-01
1.669999999999999929e+00,3.044127745205840618e+00,3.285013257327613068e-01
1.677145922746781093e+00,3.055476340967437476e+00,3.272812119642778406e-01
1.684291845493562256e+00,3.066854009882851173e+00,3.260670370280189245e-01
1.691437768240343198e+00,3.078260838289460732e+00,3.248587603627779985e-01
1.698583690987124362e+00,3.089696912636770154e+00,3.236563417952191823e-01
1.705729613733905525e+00,3.101162319487842822e+00,3.224597415349577667e-01
1.712875536480686689e+00,3.112657145520724367e+00,3.212689201697180308e-01
1.720021459227467631e+00,3.124181477529851314e+00,3.200838386605680541e-01
1.727167381974248794e+00,3.135735402427450413e+00,3.189044583372293573e-01
1.734313304721029958e+00,3.147319007244919753e+00,3.177307408934608168e-01
1.741459227467811122e+00,3.158932379134199664e+00,3.165626483825146331e-01
1.748605150214592285e+00,3.170575605369135630e+00,3.154001432126626869e-01
1.755751072961373227e+00,3.182248773346820769e+00,3.142431881427938944e-01
1.762896995708154391e+00,3.193951970588936984e+00,3.130917462780783977e-01
1.770042918454935554e+00,3.205685284743073904e+00,3.119457810657002561e-01
1.777188841201716718e+00,3.217448803584044725e+00,3.108052562906549188e-01
1.784334763948497882e+00,3.229242615015187390e+00,3.096701360716115903e-01
1.791480686695278823e+00,3.241066807069655109e+00,3.085403848568397112e-01
1.798626609442059987e+00,3.252921467911697562e+00,3.074159674201964454e-01
1.805772532188841151e+00,3.264806685837929656e+00,3.062968488571766179e-01
1.812918454935622314e+00,3.276722549278592744e+00,3.051829945810216049e-01
1.820064377682403256e+00,3.288669146798802956e+00,3.040743703188877878e-01
1.827210300429184420e+00,3.300646567099791984e+00,3.029709421080726828e-01
1.834356223175965583e+00,3.312654899020136767e+00,3.018726762922977480e-01
1.841502145922746747e+00,3.324694231536980293e+00,3.007795395180469789e-01
1.848648068669527911e+00,3.336764653767243072e+00,2.996914987309606260e-01
1.855793991416308852e+00,3.348866254968824396e+00,2.986085211722823152e-01
1.862939914163090016e+00,3.360999124541800054e+00,2.975305743753588472e-01
1.870085836909871180e+00,3.373163352029600937e+00,2.964576261621926223e-01
1.877231759656652343e+00,3.385359027120192987e+00,2.953896446400443021e-01
1.884377682403433285e+00,3.397586239647244266e+00,2.943265981980858759e-01
1.891523605150214449e+00,3.409845079591283579e+00,2.932684555041027430e-01
1.898669527896995612e+00,3.422135637080852444e+00,2.922151855012442567e-01
1.905815450643776776e+00,3.434458002393648179e+00,2.911667574048217300e-01
1.912961373390557940e+00,3.446812265957659882e+00,2.901231406991528483e-01
1.920107296137338881e+00,3.459198518352294194e+00,2.890843051344523240e-01
1.927253218884120045e+00,3.471616850309499736e+00,2.880502207237669587e-01
1.934399141630901209e+00,3.484067352714877774e+00,2.870208577399553929e-01
1.941545064377682372e+00,3.496550116608786229e+00,2.859961867127115975e-01
1.948690987124463536e+00,3.509065233187441457e+00,2.849761784256302222e-01
1.955836909871244478e+00,3.521612793804009822e+00,2.839608039133144635e-01
1.962982832618025641e+00,3.534192889969691720e+00,2.829500344585254568e-01
1.970128755364806805e+00,3.546805613354799380e+00,2.819438415893717464e-01
1.977274678111587969e+00,3.559451055789830232e+00,2.809421970765386134e-01
1.984420600858368910e+00,3.572129309266530939e+00,2.799450729305572039e-01
1.991566523605150074e+00,3.584840465938957887e+00,2.789524413991112950e-01
1.998712446351931238e+00,3.597584618124530564e+00,2.779642749643824740e-01
2.005858369098712402e+00,3.610361858305075167e+00,2.769805463404327872e-01
2.013004291845493565e+00,3.623172279127869100e+00,2.760012284706233054e-01
2.020150214592274729e+00,3.636015973406674373e+00,2.750262945250691593e-01
2.027296137339055893e+00,3.648893034122768775e+00,2.740557178981296582e-01
2.034442060085836612e+00,3.661803554425966389e+00,2.730894722059339363e-01
2.041587982832617776e+00,3.674747627635641667e+00,2.721275312839393501e-01
2.048733905579398940e+00,3.687725347241736173e+00,2.711698691845253473e-01
2.055879828326180103e+00,3.700736806905770226e+00,2.702164601746190886e-01
2.063025751072961267e+00,3.713782100461845648e+00,2.692672787333538209e-01
2.070171673819742431e+00,3.726861321917639636e+00,2.683222995497601682e-01
2.077317596566523594e+00,3.739974565455403077e+00,2.673814975204874544e-01
2.084463519313304758e+00,3.753121925432943762e+00,2.664448477475573340e-01
2.091609442060085922e+00,3.766303496384611371e+00,2.655123255361471202e-01
2.098755364806867085e+00,3.779519373022274475e+00,2.645839063924032009e-01
2.105901287553647805e+00,3.792769650236297529e+00,2.636595660212842085e-01
2.113047210300428969e+00,3.806054423096505435e+00,2.627392803244327779e-01
2.120193133047210132e+00,3.819373786853153430e+00,2.618230253980762812e-01
2.127339055793991296e+00,3.832727836937883659e+00,2.609107775309553734e-01
2.134484978540772460e+00,3.846116668964683072e+00,2.600025132022802388e-01
2.141630901287553623e+00,3.859540378730836441e+00,2.590982090797138149e-01
2.148776824034334787e+00,3.872999062217874933e+00,2.581978420173821065e-01
2.155922746781115951e+00,3.886492815592517136e+00,2.573013890539109227e-01
2.163068669527897114e+00,3.900021735207614526e+00,2.564088274104877052e-01
2.170214592274677834e+00,3.913585917603084496e+00,2.555201344889497794e-01
2.177360515021458998e+00,3.927185459506843834e+00,2.546352878698972533e-01
2.184506437768240161e+00,3.940820457835738644e+00,2.537542653108308954e-01
2.191652360515021325e+00,3.954491009696471604e+00,2.528770447443134950e-01
2.198798283261802489e+00,3.968197212386519901e+00,2.520036042761565342e-01
2.205944206008583652e+00,3.981939163395057601e+00,2.511339221836292324e-01
2.213090128755364816e+00,3.995716960403871809e+00,2.502679769136910704e-01
2.220236051502145980e+00,4.009530701288270826e+00,2.494057470812476585e-01
2.227381974248927143e+00,4.023380484117998535e+00,2.485472114674282529e-01
2.234527896995707863e+00,4.037266407158134562e+00,2.476923490178861709e-01
2.241673819742489027e+00,4.051188568870004225e+00,2.468411388411202723e-01
2.248819742489270190e+00,4.065147067912069367e+00,2.459935602068186733e-01
2.255965665236051354e+00,4.079142003140835193e+00,2.451495925442226664e-01
2.263111587982832518e+00,4.093173473611734892e+00,2.443092154405124283e-01
2.270257510729613681e+00,4.107241578580029362e+00,2.434724086392122122e-01
2.277403433476394845e+00,4.121346417501690951e+00,2.426391520386164402e-01
2.284549356223176009e+00,4.135488090034287190e+00,2.418094256902355299e-01
2.291695278969957172e+00,4.149666696037870750e+00,2.409832097972607334e-01
2.298841201716738336e+00,4.163882335575857851e+00,2.401604847130488496e-01
2.305987124463519056e+00,4.178135108915900453e+00,2.393412309396260040e-01
2.313133047210300219e+00,4.192425116530771767e+00,2.385254291262092208e-01
2.320278969957081383e+00,4.206752459099234009e+00,2.377130600677473393e-01
2.327424892703862547e+00,4.221117237506907038e+00,2.369041047034798619e-01
2.334570815450643710e+00,4.235519552847144098e+00,2.360985441155131481e-01
2.341716738197424874e+00,4.249959506421896016e+00,2.352963595274146225e-01
2.348862660944206038e+00,4.264437199742570073e+00,2.344975323028245517e-01
2.356008583690987201e+00,4.278952734530901303e+00,2.337020439440841979e-01
2.363154506437768365e+00,4.293506212719808701e+00,2.329098760908813737e-01
2.370300429184549085e+00,4.308097736454248761e+00,2.321210105189125406e-01
2.377446351931330248e+00,4.322727408092084112e+00,2.313354291385605888e-01
2.384592274678111412e+00,4.337395330204925514e+00,2.305531139935897422e-01
2.391738197424892576e+00,4.352101605578989840e+00,2.297740472598555350e-01
2.398884120171673739e+00,4.366846337215952722e+00,2.289982112440305806e-01
2.406030042918454903e+00,4.381629628333794102e+00,2.282255883823459675e-01
2.413175965665236067e+00,4.396451582367648214e+00,2.274561612393474486e-01
2.420321888412017231e+00,4.411312302970649135e+00,2.266899125066669518e-01
2.427467811158798394e+00,4.426211894014772774e+00,2.259268250018087454e-01
2.434613733905579114e+00,4.441150459591678867e+00,2.251668816669499529e-01
2.441759656652360277e+00,4.456128104013560964e+00,2.244100655677552236e-01
2.448905579399141441e+00,4.471144931813973322e+00,2.236563598922062523e-01
2.456051502145922605e+00,4.486201047748674675e+00,2.229057479494445104e-01
2.463197424892703769e+00,4.501296556796468451e+00,2.221582131686277717e-01
2.470343347639484932e+00,4.516431564160032330e+00,2.214137390978004050e-01
2.477489270386266096e+00,4.531606175266755798e+00,2.206723094027769061e-01
2.484635193133047260e+00,4.546820495769573256e+00,2.199339078660383084e-01
2.491781115879828423e+00,4.562074631547790915e+00,2.191985183856421382e-01
2.498927038626609587e+00,4.577368688707923461e+00,2.184661249741442490e-01
2.506072961373390307e+00,4.592702773584518283e+00,2.177367117575341737e-01
2.513218884120171470e+00,4.608076992740990363e+00,2.170102629741819944e-01
2.520364806866952634e+00,4.623491452970439397e+00,2.162867629737983688e-01
2.527510729613733798e+00,4.638946261296483797e+00,2.155661962164058254e-01
2.534656652360514961e+00,4.654441524974081368e+00,2.148485472713224376e-01
2.541802575107296125e+00,4.669977351490356199e+00,2.141338008161569328e-01
2.548948497854077289e+00,4.685553848565421120e+00,2.134219416358154875e-01
2.556094420600858452e+00,4.701171124153197489e+00,2.127129546215201505e-01
2.563240343347639616e+00,4.716829286442238534e+00,2.120068247698380648e-01
2.570386266094420336e+00,4.732528443856550915e+00,2.113035371817220676e-01
2.577532188841201499e+00,4.748268705056412742e+00,2.106030770615622272e-01
2.584678111587982663e+00,4.764050178939192470e+00,2.099054297162481209e-01
2.591824034334763827e+00,4.779872974640167804e+00,2.092105805542417707e-01
2.598969957081544990e+00,4.795737201533341931e+00,2.085185150846609881e-01
2.606115879828326154e+00,4.811642969232263312e+00,2.078292189163732095e-01
2.613261802575107318e+00,4.827590387590839249e+00,2.071426777570994360e-01
2.620407725321888481e+00,4.843579566704152128e+00,2.064588774125284132e-01
2.627553648068669645e+00,4.859610616909274761e+00,2.057778037854404718e-01
2.634699570815450365e+00,4.875683648786083957e+00,2.050994428748414700e-01
2.641845493562231528e+00,4.891798773158078539e+00,2.044237807751060898e-01
2.648991416309012692e+00,4.907956101093184920e+00,2.037508036751312090e-01
2.656137339055793856e+00,4.924155743904579552e+00,2.030804978574979047e-01
2.663283261802575019e+00,4.940397813151492734e+00,2.024128496976435598e-01
2.670429184549356183e+00,4.956682420640029285e+00,2.017478456630423800e-01
2.677575107296137347e+00,4.973009678423974123e+00,2.010854723123957355e-01
2.684721030042918510e+00,4.989379698805604946e+00,2.004257162948306914e-01
2.691866952789699674e+00,5.005792594336506696e+00,1.997685643491078633e-01
2.699012875536480838e+00,5.022248477818379797e+00,1.991140033028376000e-01
2.706158798283261557e+00,5.038747462303848401e+00,1.984620200717051863e-01
2.713304721030042721e+00,5.055289661097279286e+00,1.978126016587038183e-01
2.720450643776823885e+00,5.071875187755584768e+00,1.971657351533766256e-01
2.727596566523605048e+00,5.088504156089030062e+00,1.965214077310667440e-01
2.734742489270386212e+00,5.105176680162054836e+00,1.958796066521750201e-01
2.741888412017167376e+00,5.121892874294072584e+00,1.952403192614264593e-01
2.749034334763948539e+00,5.138652853060282411e+00,1.946035329871443342e-01
2.756180257510729703e+00,5.155456731292482608e+00,1.939692353405317315e-01
2.763326180257510867e+00,5.172304624079877122e+00,1.933374139149613979e-01
2.770472103004291586e+00,5.189196646769882904e+00,1.927080563852729689e-01
2.777618025751072750e+00,5.206132914968947034e+00,1.920811505070774139e-01
2.784763948497853914e+00,5.223113544543347864e+00,1.914566841160695310e-01
2.791909871244635077e+00,5.240138651620008581e+00,1.908346451273472133e-01
2.799055793991416241e+00,5.257208352587307232e+00,1.902150215347381546e-01
2.806201716738197405e+00,5.274322764095884963e+00,1.895978014101338816e-01
2.813347639484978568e+00,5.291482003059456041e+00,1.889829729028304206e-01
2.820493562231759732e+00,5.308686186655618755e+00,1.883705242388762913e-01
2.827639484978540896e+00,5.325935432326665442e+00,1.877604437204272170e-01
2.834785407725321615e+00,5.343229857780389835e+00,1.871527197251076358e-01
2.841931330472102779e+00,5.360569580990904193e+00,1.865473407053788168e-01
2.849077253218883943e+00,5.377954720199442207e+00,1.859442951879139161e-01
2.856223175965665106e+00,5.395385393915174355e+00,1.853435717729790544e-01
2.863369098712446270e+00,5.412861720916019692e+00,1.847451591338213350e-01
2.870515021459227434e+00,5.430383820249453208e+00,1.841490460160629117e-01
2.877660944206008597e+00,5.447951811233322950e+00,1.835552212371014125e-01
2.884806866952789761e+00,5.465565813456657374e+00,1.829636736855168033e-01
2.891952789699570925e+00,5.483225946780478921e+00,1.823743923204839412e-01
2.899098712446351644e+00,5.500932331338617587e+00,1.817873661711916222e-01
2.906244635193132808e+00,5.518685087538528933e+00,1.812025843362671251e-01
2.913390557939913972e+00,5.536484336062095224e+00,1.806200359832074442e-01
2.920536480686695135e+00,5.554330197866450547e+00,1.800397103478154071e-01
2.927682403433476299e+00,5.572222794184791717e+00,1.794615967336422035e-01
2.934828326180257463e+00,5.590162246527189183e+00,1.788856845114354388e-01
2.941974248927038627e+00,5.608148676681409484e+00,1.783119631185927090e-01
2.949120171673819790e+00,5.626182206713726153e+00,1.777404220586207562e-01
2.956266094420600954e+00,5.644262958969734179e+00,1.771710509006003686e-01
2.963412017167382118e+00,5.662391056075174234e+00,1.766038392786561384e-01
2.970557939914162837e+00,5.680566620936740918e+00,1.760387768914322137e-01
2.977703862660944001e+00,5.698789776742907875e+00,1.754758535015729370e-01
2.984849785407725165e+00,5.717060646964743142e+00,1.749150589352086171e-01
2.991995708154506328e+00,5.735379355356728048e+00,1.743563830814469640e-01
2.999141630901287492e+00,5.753746025957575227e+00,1.737998158918691027e-01
3.006287553648068656e+00,5.772160783091052849e+00,1.732453473800307786e-01
3.013433476394849819e+00,5.790623751366802630e+00,1.726929676209687792e-01
3.020579399141630983e+00,5.809135055681161397e+00,1.721426667507118258e-01
3.027725321888412147e+00,5.827694821217985321e+00,1.715944349657967383e-01
3.034871244635192866e+00,5.846303173449471480e+00,1.710482625227890685e-01
3.042017167381974030e+00,5.864960238136980308e+00,1.705041397378087853e-01
3.049163090128755194e+00,5.883666141331861610e+00,1.699620569860604002e-01
3.056309012875536357e+00,5.902421009376279670e+00,1.694220047013677843e-01
3.063454935622317521e+00,5.921224968904036601e+00,1.688839733757136197e-01
3.070600858369098685e+00,5.940078146841401008e+00,1.683479535587833475e-01
3.077746781115879848e+00,5.958980670407936664e+00,1.678139358575134465e-01
3.084892703862661012e+00,5.977932667117325849e+00,1.672819109356444567e-01
3.092038626609442176e+00,5.996934264778204238e+00,1.667518695132778617e-01
3.099184549356222895e+00,6.015985591494986018e+00,1.662238023664378006e-01
3.106330472103004059e+00,6.035086775668697889e+00,1.656977003266366932e-01
3.113476394849785223e+00,6.054237945997806847e+00,1.651735542804452228e-01
3.120622317596566386e+00,6.073439231479055067e+00,1.646513551690664823e-01
3.127768240343347550e+00,6.092690761408293021e+00,1.641310939879140340e-01
3.134914163090128714e+00,6.111992665381310808e+00,1.636127617861944383e-01
3.142060085836909877e+00,6.131345073294679260e+00,1.630963496664933066e-01
3.149206008583691041e+00,6.150748115346576839e+00,1.625818487843657956e-01
3.156351931330472205e+00,6.170201922037635178e+00,1.620692503479305990e-01
3.163497854077253368e+00,6.189706624171774862e+00,1.615585456174680745e-01
3.170643776824034088e+00,6.209262352857034095e+00,1.610497259050224228e-01
3.177789699570815252e+00,6.228869239506429345e+00,1.605427825740068370e-01
3.184935622317596415e+00,6.248527415838772470e+00,1.600377070388135370e-01
3.192081545064377579e+00,6.268237013879529584e+00,1.595344907644264676e-01
3.199227467811158743e+00,6.287998165961655950e+00,1.590331252660384387e-01
3.206373390557939906e+00,6.307811004726442405e+00,1.585336021086713176e-01
3.213519313304721070e+00,6.327675663124357364e+00,1.580359129068001911e-01
3.220665236051502234e+00,6.347592274415897684e+00,1.575400493239808020e-01
3.227811158798283397e+00,6.367560972172430667e+00,1.570460030724807332e-01
3.234957081545064117e+00,6.387581890277042262e+00,1.565537659129138670e-01
3.242103004291845281e+00,6.407655162925393277e+00,1.560633296538781467e-01
3.249248927038626444e+00,6.427780924626559589e+00,1.555746861515971691e-01
3.256394849785407608e+00,6.447959310203889238e+00,1.550878273095645798e-01
3.263540772532188772e+00,6.468190454795853306e+00,1.546027450781922996e-01
3.270686695278969935e+00,6.488474493856900338e+00,1.541194314544614419e-01
3.277832618025751099e+00,6.508811563158311664e+00,1.536378784815770060e-01
3.284978540772532263e+00,6.529201798789055822e+00,1.531580782486254011e-01
3.292124463519313426e+00,6.549645337156644764e+00,1.526800228902353840e-01
3.299270386266094146e+00,6.570142314987993615e+00,1.522037045862418836e-01
3.306416309012875310e+00,6.590692869330283088e+00,1.517291155613530451e-01
3.313562231759656473e+00,6.611297137551814806e+00,1.512562480848203550e-01
3.320708154506437637e+00,6.631955257342873722e+00,1.507850944701118190e-01
3.327854077253218801e+00,6.652667366716597641e+00,1.503156470745878881e-01
3.334999999999999964e+00,6.673433604009831654e+00,1.498478982991806596e-01
3.342145922746781128e+00,6.694254107884002103e+00,1.493818405880758537e-01
3.349291845493562292e+00,6.715129017325983440e+00,1.489174664283974825e-01
3.356437768240343456e+00,6.736058471648957102e+00,1.484547683498959325e-01
3.363583690987124619e+00,6.757042610493290802e+00,1.479937389246382129e-01
3.370729613733905339e+00,6.778081573827406281e+00,1.475343707667014781e-01
3.377875536480686502e+00,6.799175501948651501e+00,1.470766565318690211e-01
3.385021459227467666e+00,6.820324535484171946e+00,1.466205889173293475e-01
3.392167381974248830e+00,6.841528815391787255e+00,1.461661606613775533e-01
3.399313304721029994e+00,6.862788482960866077e+00,1.457133645431196722e-01
3.406459227467811157e+00,6.884103679813207144e+00,1.452621933821795497e-01
3.413605150214592321e+00,6.905474547903914129e+00,1.448126400384083245e-01
3.420751072961373485e+00,6.926901229522276715e+00,1.443646974115966042e-01
3.427896995708154648e+00,6.948383867292652560e+00,1.439183584411891370e-01
3.435042918454935368e+00,6.969922604175348368e+00,1.434736161060020387e-01
3.442188841201716532e+00,6.991517583467511621e+00,1.430304634239423778e-01
3.449334763948497695e+00,7.013168948804006320e+00,1.425888934517306195e-01
3.456480686695278859e+00,7.034876844158306497e+00,1.421488992846250410e-01
3.463626609442060023e+00,7.056641413843379951e+00,1.417104740561491438e-01
3.470772532188841186e+00,7.078462802512586194e+00,1.412736109378208427e-01
3.477918454935622350e+00,7.100341155160561968e+00,1.408383031388844298e-01
3.485064377682403514e+00,7.122276617124112974e+00,1.404045439060449818e-01
3.492210300429184677e+00,7.144269334083113598e+00,1.399723265232047376e-01
3.499356223175965397e+00,7.166319452061398643e+00,1.395416443112020288e-01
3.506502145922746561e+00,7.188427117427664825e+00,1.391124906275524598e-01
3.513648068669527724e+00,7.210592476896366065e+00,1.386848588661922232e-01
3.520793991416308888e+00,7.232815677528614984e+00,1.382587424572238877e-01
3.527939914163090052e+00,7.255096866733084404e+00,1.378341348666640986e-01
3.535085836909871215e+00,7.277436192266913295e+00,1.374110295961936956e-01
3.542231759656652379e+00,7.299833802236611824e+00,1.369894201829099101e-01
3.549377682403433543e+00,7.322289845098961969e+00,1.365693001990806732e-01
3.556523605150214706e+00,7.344804469661934121e+00,1.361506632519010884e-01
3.563669527896995870e+00,7.367377825085591248e+00,1.357335029832520412e-01
3.570815450643776590e+00,7.390010060883001941e+00,1.353178130694606962e-01
3.577961373390557753e+00,7.412701326921156131e+00,1.349035872210633258e-01
3.585107296137338917e+00,7.435451773421874577e+00,1.344908191825698873e-01
3.592253218884120081e+00,7.458261550962726361e+00,1.340795027322309596e-01
3.599399141630901244e+00,7.481130810477951698e+00,1.336696316818061780e-01
3.606545064377682408e+00,7.504059703259374103e+00,1.332611998763351957e-01
3.613690987124463572e+00,7.527048380957325868e+00,1.328542011939101153e-01
3.620836909871244735e+00,7.550096995581569104e+00,1.324486295454502249e-01
3.627982832618025899e+00,7.573205699502222110e+00,1.320444788744783160e-01
3.635128755364806619e+00,7.596374645450681307e+00,1.316417431568992213e-01
3.642274678111587782e+00,7.619603986520557370e+00,1.312404164007798524e-01
3.649420600858368946e+00,7.642893876168591838e+00,1.308404926461314843e-01
3.656566523605150110e+00,7.666244468215598573e+00,1.304419659646936513e-01
3.663712446351931273e+00,7.689655916847395467e+00,1.300448304597197069e-01
3.670858369098712437e+00,7.713128376615729920e+00,1.296490802657646879e-01
3.678004291845493601e+00,7.736662002439228303e+00,1.292547095484742892e-01
3.685150214592274764e+00,7.760256949604324106e+00,1.288617125043762246e-01
3.692296137339055928e+00,7.783913373766202071e+00,1.284700833606728099e-01
3.699442060085836648e+00,7.807631430949734330e+00,1.280798163750357932e-01
3.706587982832617811e+00,7.831411277550435202e+00,1.276909058354022686e-01
3.713733905579398975e+00,7.855253070335391996e+00,1.273033460597728928e-01
3.720879828326180139e+00,7.879156966444218924e+00,1.269171313960114622e-01
3.728025751072961302e+00,7.903123123390008331e+00,1.265322562216460445e-01
3.735171673819742466e+00,7.927151699060273060e+00,1.261487149436720523e-01
3.742317596566523630e+00,7.951242851717903903e+00,1.257665019983567889e-01
3.749463519313304793e+00,7.975396740002125284e+00,1.253856118510454920e-01
3.756609442060085957e+00,7.999613522929442944e+00,1.250060389959691265e-01
3.763755364806866677e+00,8.023893359894609389e+00,1.246277779560538146e-01
3.770901287553647840e+00,8.048236410671581353e+00,1.242508232827315151e-01
3.778047210300429004e+00,8.072642835414477247e+00,1.238751695557526317e-01
3.785193133047210168e+00,8.097112794658542612e+00,1.235008113829999116e-01
3.792339055793991331e+00,8.121646449321119121e+00,1.231277434003038990e-01
3.799484978540772495e+00,8.146243960702600262e+00,1.227559602712599840e-01
3.806630901287553659e+00,8.170905490487411882e+00,1.223854566870467980e-01
3.813776824034334822e+00,8.195631200744978528e+00,1.220162273662461216e-01
3.820922746781115986e+00,8.220421253930688010e+00,1.216482670546644579e-01
3.828068669527897150e+00,8.245275812886879052e+00,1.212815705251556325e-01
3.835214592274677869e+00,8.270195040843809409e+00,1.209161325774452123e-01
3.842360515021459033e+00,8.295179101420632861e+00,1.205519480379561581e-01
3.849506437768240197e+00,8.320228158626383319e+00,1.201890117596358803e-01
3.856652360515021360e+00,8.345342376860957145e+00,1.198273186217847092e-01
3.863798283261802524e+00,8.370521920916090153e+00,1.194668635298857945e-01
3.870944206008583688e+00,8.395766955976348811e+00,1.191076414154362828e-01
3.878090128755364852e+00,8.421077647620121454e+00,1.187496472357798261e-01
3.885236051502146015e+00,8.446454161820598827e+00,1.183928759739405340e-01
3.892381974248927179e+00,8.471896664946772404e+00,1.180373226384581753e-01
3.899527896995707898e+00,8.497405323764427365e+00,1.176829822632246697e-01
3.906673819742489062e+00,8.522980305437133808e+00,1.173298499073219675e-01
3.913819742489270226e+00,8.548621777527252164e+00,1.169779206548610395e-01
3.920965665236051390e+00,8.574329907996922628e+00,1.166271896148224213e-01
3.928111587982832553e+00,8.600104865209077687e+00,1.162776519208977011e-01
3.935257510729613717e+00,8.625946817928435095e+00,1.159293027313325203e-01
3.942403433476394881e+00,8.651855935322512181e+00,1.155821372287706011e-01
3.949549356223176044e+00,8.677832386962625932e+00,1.152361506200991897e-01
3.956695278969957208e+00,8.703876342824914403e+00,1.148913381362954705e-01
3.963841201716737928e+00,8.729987973291333248e+00,1.145476950322745213e-01
3.970987124463519091e+00,8.756167449150680682e+00,1.142052165867381563e-01
3.978133047210300255e+00,8.782414941599610003e+00,1.138638981020250185e-01
3.985278969957081419e+00,8.808730622243645669e+00,1.135237349039620175e-01
3.992424892703862582e+00,8.835114663098204701e+00,1.131847223417166842e-01
3.999570815450643746e+00,8.861567236589618091e+00,1.128468557876508155e-01
4.006716738197424910e+00,8.888088515556162861e+00,1.125101306371751458e-01
4.013862660944205629e+00,8.914678673249071039e+00,1.121745423086053794e-01
4.021008583690987237e+00,8.941337883333575931e+00,1.118400862430189852e-01
4.028154506437767957e+00,8.968066319889929972e+00,1.115067579041134488e-01
4.035300429184549564e+00,8.994864157414452777e+00,1.111745527780651915e-01
4.042446351931330284e+00,9.021731570820533008e+00,1.108434663733903619e-01
4.049592274678111892e+00,9.048668735439719057e+00,1.105134942208054055e-01
4.056738197424892611e+00,9.075675827022699593e+00,1.101846318730902441e-01
4.063884120171673331e+00,9.102753021740383588e+00,1.098568749049512183e-01
4.071030042918454939e+00,9.129900496184941261e+00,1.095302189128856546e-01
4.078175965665235658e+00,9.157118427370820157e+00,1.092046595150477639e-01
4.085321888412017266e+00,9.184406992735828723e+00,1.088801923511147074e-01
4.092467811158797986e+00,9.211766370142164817e+00,1.085568130821545213e-01
4.099613733905579593e+00,9.239196737877477972e+00,1.082345173904945002e-01
4.106759656652360313e+00,9.266698274655906786e+00,1.079133009795910508e-01
4.113905579399141921e+00,9.294271159619173162e+00,1.075931595738997548e-01
4.121051502145922640e+00,9.321915572337585942e+00,1.072740889187475816e-01
4.128197424892704248e+00,9.349631692811151140e+00,1.069560847802048797e-01
4.135343347639484968e+00,9.377419701470612878e+00,1.066391429449590617e-01
4.142489270386265687e+00,9.405279779178517430e+00,1.063232592201890508e-01
4.149635193133047295e+00,9.433212107230287913e+00,1.060084294334406596e-01
4.156781115879828015e+00,9.461216867355291882e+00,1.056946494325028130e-01
4.163927038626609622e+00,9.489294241717916023e+00,1.053819150852848552e-01
4.171072961373390342e+00,9.517444412918621310e+00,1.050702222796949109e-01
4.178218884120171950e+00,9.545667563995063887e+00,1.047595669235184268e-01
4.185364806866952669e+00,9.573963878423120022e+00,1.044499449442987671e-01
4.192510729613734277e+00,9.602333540118006994e+00,1.041413522892176702e-01
4.199656652360514997e+00,9.630776733435354231e+00,1.038337849249770933e-01
4.206802575107295716e+00,9.659293643172279786e+00,1.035272388376819869e-01
4.213948497854077324e+00,9.687884454568495229e+00,1.032217100327236098e-01
4.221094420600858044e+00,9.716549353307383896e+00,1.029171945346640249e-01
4.228240343347639651e+00,9.745288525517102229e+00,1.026136883871212185e-01
4.235386266094420371e+00,9.774102157771656252e+00,1.023111876526553998e-01
4.242532188841201979e+00,9.802990437092040210e+00,1.020096884126554387e-01
4.249678111587982698e+00,9.831953550947279297e+00,1.017091867672272471e-01
4.256824034334764306e+00,9.860991687255582505e+00,1.014096788350817985e-01
4.263969957081545026e+00,9.890105034385420879e+00,1.011111607534247864e-01
4.271115879828325745e+00,9.919293781156639511e+00,1.008136286778467533e-01
4.278261802575107353e+00,9.948558116841571319e+00,1.005170787822141226e-01
4.285407725321888073e+00,9.977898231166143717e+00,1.002215072585609379e-01
4.292553648068669681e+00,1.000731431431099594e+01,9.992691031698149040e-02
4.299699570815450400e+00,1.003680655691258217e+01,9.963328418552380716e-02
4.306845493562232008e+00,1.006637515006432970e+01,9.934062511008338869e-02
4.313991416309012727e+00,1.009602028531770301e+01,9.904892935429872314e-02
4.321137339055794335e+00,1.012574215468337790e+01,9.875819319944642571e-02
4.328283261802575055e+00,1.015554095063233930e+01,9.846841294433798797e-02
4.335429184549355774e+00,1.018541686609701813e+01,9.817958490521686010e-02
4.342575107296137382e+00,1.021537009447242816e+01,9.789170541565629657e-02
4.349721030042918102e+00,1.024540082961728871e+01,9.760477082645818703e-02
4.356866952789699710e+00,1.027550926585517210e+01,9.731877750555224804e-02
4.364012875536480429e+00,1.030569559797561929e+01,9.703372183789643612e-02
4.371158798283262037e+00,1.033596002123532642e+01,9.674960022537729132e-02
4.378304721030042757e+00,1.036630273135923019e+01,9.646640908671205716e-02
4.385450643776824364e+00,1.039672392454170158e+01,9.618414485735043984e-02
4.392596566523605084e+00,1.042722379744766847e+01,9.590280398937785222e-02
4.399742489270385803e+00,1.045780254721378100e+01,9.562238295141888000e-02
4.406888412017167411e+00,1.048846037144954835e+01,9.534287822854174699e-02
4.414034334763948131e+00,1.051919746823851298e+01,9.506428632216318286e-02
4.421180257510729739e+00,1.055001403613940170e+01,9.478660374995415139e-02
4.428326180257510458e+00,1.058091027418727137e+01,9.450982704574638349e-02
4.435472103004292066e+00,1.061188638189470979e+01,9.423395275943899363e-02
4.442618025751072786e+00,1.064294255925296007e+01,9.395897745690653946e-02
4.449763948497854393e+00,1.067407900673311794e+01,9.368489771990712311e-02
4.456909871244635113e+00,1.070529592528729168e+01,9.341171014599146394e-02
4.464055793991415833e+00,1.073659351634977988e+01,9.313941134841242919e-02
4.471201716738197440e+00,1.076797198183824378e+01,9.286799795603535579e-02
4.478347639484978160e+00,1.079943152415488861e+01,9.259746661324889938e-02
4.485493562231759768e+00,1.083097234618765370e+01,9.232781397987648020e-02
4.492639484978540487e+00,1.086259465131136714e+01,9.205903673108863094e-02
4.499785407725322095e+00,1.089429864338898035e+01,9.179113155731534468e-02
4.506931330472102815e+00,1.092608452677271202e+01,9.152409516415983826e-02
4.514077253218884422e+00,1.095795250630527029e+01,9.125792427231219084e-02
4.521223175965665142e+00,1.098990278732103043e+01,9.099261561746412041e-02
4.528369098712446750e+00,1.102193557564724991e+01,9.072816595022387132e-02
4.535515021459227469e+00,1.105405107760523364e+01,9.046457203603237851e-02
4.542660944206008189e+00,1.108624950001158460e+01,9.020183065507907105e-02
4.549806866952789797e+00,1.111853105017937970e+01,8.993993860221909109e-02
4.556952789699570516e+00,1.115089593591936890e+01,8.967889268689081816e-02
4.564098712446352124e+00,1.118334436554122213e+01,8.941868973303360169e-02
4.571244635193132844e+00,1.121587654785469823e+01,8.915932657900675629e-02
4.578390557939914451e+00,1.124849269217090253e+01,8.890080007750843227e-02
4.585536480686695171e+00,1.128119300830347171e+01,8.864310709549552691e-02
4.592682403433476779e+00,1.131397770656982971e+01,8.838624451410377614e-02
4.599828326180257498e+00,1.134684699779236716e+01,8.813020922856888706e-02
4.606974248927038218e+00,1.137980109329971334e+01,8.787499814814757337e-02
4.614120171673819826e+00,1.141284020492795115e+01,8.762060819603957607e-02
4.621266094420600545e+00,1.144596454502181970e+01,8.736703630931032249e-02
4.628412017167382153e+00,1.147917432643600222e+01,8.711427943881352998e-02
4.635557939914162873e+00,1.151246976253632148e+01,8.686233454911496121e-02
4.642703862660944480e+00,1.154585106720099930e+01,8.661119861841633238e-02
4.649849785407725200e+00,1.157931845482189637e+01,8.636086863847991513e-02
4.656995708154506808e+00,1.161287214030576820e+01,8.611134161455340219e-02
4.664141630901287527e+00,1.164651233907548189e+01,8.586261456529582781e-02
4.671287553648068247e+00,1.168023926707131643e+01,8.561468452270312723e-02
4.678433476394849855e+00,1.171405314075218485e+01,8.536754853203507021e-02
4.685579399141630574e+00,1.174795417709688827e+01,8.512120365174222214e-02
4.692725321888412182e+00,1.178194259360539675e+01,8.487564695339341880e-02
4.699871244635192902e+00,1.181601860830010153e+01,8.463087552160379612e-02
4.707017167381974510e+00,1.185018243972708341e+01,8.438688645396337507e-02
4.714163090128755229e+00,1.188443430695737035e+01,8.414367686096604904e-02
4.721309012875536837e+00,1.191877442958824140e+01,8.390124386593891814e-02
4.728454935622317556e+00,1.195320302774444876e+01,8.365958460497248395e-02
4.735600858369098276e+00,1.198772032207954652e+01,8.341869622685081642e-02
4.742746781115879884e+00,1.202232653377715543e+01,8.317857589298247034e-02
4.749892703862660603e+00,1.205702188455221702e+01,8.293922077733201226e-02
4.757038626609442211e+00,1.209180659665232049e+01,8.270062806635157526e-02
4.764184549356222931e+00,1.212668089285897111e+01,8.246279495891321865e-02
4.771330472103004539e+00,1.216164499648888686e+01,8.222571866624159287e-02
4.778476394849785258e+00,1.219669913139528106e+01,8.198939641184718741e-02
4.785622317596566866e+00,1.223184352196919278e+01,8.175382543145964798e-02
4.792768240343347586e+00,1.226707839314073567e+01,8.151900297296220399e-02
4.799914163090128305e+00,1.230240397038045153e+01,8.128492629632572131e-02
4.807060085836909913e+00,1.233782047970060347e+01,8.105159267354379582e-02
4.814206008583690632e+00,1.237332814765645317e+01,8.081899938856815235e-02
4.821351931330472240e+00,1.240892720134761795e+01,8.058714373724421010e-02
4.828497854077252960e+00,1.244461786841936046e+01,8.035602302724735579e-02
4.835643776824034568e+00,1.248040037706391914e+01,8.012563457801946676e-02
4.842789699570815287e+00,1.251627495602180140e+01,7.989597572070612774e-02
4.849935622317596895e+00,1.255224183458317100e+01,7.966704379809358416e-02
4.857081545064377615e+00,1.258830124258909144e+01,7.943883616454713859e-02
4.864227467811158334e+00,1.262445341043292224e+01,7.921135018594897825e-02
4.871373390557939942e+00,1.266069856906164048e+01,7.898458323963682137e-02
4.878519313304720662e+00,1.269703694997713583e+01,7.875853271434329894e-02
4.885665236051502269e+00,1.273346878523759962e+01,7.853319601013500351e-02
4.892811158798282989e+00,1.276999430745884823e+01,7.830857053835241222e-02
4.899957081545064597e+00,1.280661374981566603e+01,7.808465372155021234e-02
4.907103004291845316e+00,1.284332734604313941e+01,7.786144299343790431e-02
4.914248927038626924e+00,1.288013533043806191e+01,7.763893579882047424e-02
4.921394849785407644e+00,1.291703793786021492e+01,7.741712959354023205e-02
4.928540772532188363e+00,1.295403540373377815e+01,7.719602184441824722e-02
4.935686695278969971e+00,1.299112796404868853e+01,7.697561002919639517e-02
4.942832618025750691e+00,1.302831585536196179e+01,7.675589163648023627e-02
4.949978540772532298e+00,1.306559931479910652e+01,7.653686416568146467e-02
4.957124463519313018e+00,1.310297858005547411e+01,7.631852512696134239e-02
4.964270386266094626e+00,1.314045388939763548e+01,7.610087204117425841e-02
4.971416309012875345e+00,1.317802548166473642e+01,7.588390243981174565e-02
4.978562231759656953e+00,1.321569359626993290e+01,7.566761386494653963e-02
4.985708154506437673e+00,1.325345847320170023e+01,7.545200386917765012e-02
4.992854077253219280e+00,1.329132035302527726e+01,7.523707001557501661e-02
5.000000000000000000e+00,1.332927947688403059e+01,7.502280987762503794e-02
