k,degree_H,H_monomials,dense_univariate_coefficients,DAG_nodes,family_recurrence_gate_upper_bound,certificate_DAG_refs,certificate_stages,candidate_found,negative_control_rejected,discovery_seconds,checker_seconds,expanded_exact_check_k_le_8,z3_qf_nra,z3_seconds,z3_reason_unknown
1,1,2,2,12,8,5,1,True,True,0.000009,0.000004,True,unsat,0.004476,
2,3,4,4,21,16,8,2,True,True,0.000013,0.000006,True,unsat,0.001028,
3,7,8,8,29,24,11,3,True,True,0.000013,0.000007,True,unsat,0.000970,
4,15,16,16,37,32,14,4,True,True,0.000014,0.000009,True,unsat,0.000782,
5,31,32,32,45,40,17,5,True,True,0.000015,0.000010,True,unsat,0.000813,
6,63,64,64,53,48,20,6,True,True,0.000016,0.000012,True,unsat,0.000912,
7,127,128,128,61,56,23,7,True,True,0.000093,0.000031,True,unsat,0.002574,
8,255,256,256,69,64,26,8,True,True,0.000047,0.000032,True,unsat,0.005151,
9,511,512,512,77,72,29,9,True,True,0.000025,0.000018,not_run,unsat,0.002132,
10,1023,1024,1024,85,80,32,10,True,True,0.000028,0.000019,not_run,unsat,0.002932,
11,2047,2048,2048,93,88,35,11,True,True,0.000028,0.000021,not_run,unsat,0.005200,
12,4095,4096,4096,101,96,38,12,True,True,0.000030,0.000023,not_run,unsat,0.013180,
13,8191,8192,8192,109,104,41,13,True,True,0.000032,0.000025,not_run,unsat,0.019381,
14,16383,16384,16384,117,112,44,14,True,True,0.000059,0.000026,not_run,not_run,,
15,32767,32768,32768,125,120,47,15,True,True,0.000037,0.000029,not_run,not_run,,
16,65535,65536,65536,133,128,50,16,True,True,0.000038,0.000031,not_run,not_run,,
17,131071,131072,131072,141,136,53,17,True,True,0.000037,0.000031,not_run,not_run,,
18,262143,262144,262144,149,144,56,18,True,True,0.000037,0.000033,not_run,not_run,,
19,524287,524288,524288,157,152,59,19,True,True,0.000091,0.000037,not_run,not_run,,
20,1048575,1048576,1048576,165,160,62,20,True,True,0.000081,0.000057,not_run,not_run,,
21,2097151,2097152,2097152,173,168,65,21,True,True,0.000087,0.000040,not_run,not_run,,
22,4194303,4194304,4194304,181,176,68,22,True,True,0.000050,0.000042,not_run,not_run,,
23,8388607,8388608,8388608,189,184,71,23,True,True,0.000050,0.000075,not_run,not_run,,
24,16777215,16777216,16777216,197,192,74,24,True,True,0.000061,0.000064,not_run,not_run,,
25,33554431,33554432,33554432,205,200,77,25,True,True,0.000076,0.000045,not_run,not_run,,
26,67108863,67108864,67108864,213,208,80,26,True,True,0.000096,0.000049,not_run,not_run,,
27,134217727,134217728,134217728,221,216,83,27,True,True,0.000105,0.000050,not_run,not_run,,
28,268435455,268435456,268435456,229,224,86,28,True,True,0.000058,0.000050,not_run,not_run,,
29,536870911,536870912,536870912,237,232,89,29,True,True,0.000063,0.000055,not_run,not_run,,
30,1073741823,1073741824,1073741824,245,240,92,30,True,True,0.000067,0.000088,not_run,not_run,,
31,2147483647,2147483648,2147483648,253,248,95,31,True,True,0.000089,0.000055,not_run,not_run,,
32,4294967295,4294967296,4294967296,261,256,98,32,True,True,0.000069,0.000058,not_run,not_run,,
33,8589934591,8589934592,8589934592,269,264,101,33,True,True,0.000071,0.000061,not_run,not_run,,
34,17179869183,17179869184,17179869184,277,272,104,34,True,True,0.000117,0.000064,not_run,not_run,,
35,34359738367,34359738368,34359738368,285,280,107,35,True,True,0.000083,0.000065,not_run,not_run,,
36,68719476735,68719476736,68719476736,293,288,110,36,True,True,0.000078,0.000067,not_run,not_run,,
37,137438953471,137438953472,137438953472,301,296,113,37,True,True,0.000079,0.000069,not_run,not_run,,
38,274877906943,274877906944,274877906944,309,304,116,38,True,True,0.000114,0.000187,not_run,not_run,,
39,549755813887,549755813888,549755813888,317,312,119,39,True,True,0.000153,0.000074,not_run,not_run,,
40,1099511627775,1099511627776,1099511627776,325,320,122,40,True,True,0.000115,0.000076,not_run,not_run,,
41,2199023255551,2199023255552,2199023255552,333,328,125,41,True,True,0.000111,0.000078,not_run,not_run,,
42,4398046511103,4398046511104,4398046511104,341,336,128,42,True,True,0.000129,0.000077,not_run,not_run,,
43,8796093022207,8796093022208,8796093022208,349,344,131,43,True,True,0.000114,0.000079,not_run,not_run,,
44,17592186044415,17592186044416,17592186044416,357,352,134,44,True,True,0.000122,0.000080,not_run,not_run,,
45,35184372088831,35184372088832,35184372088832,365,360,137,45,True,True,0.000122,0.000084,not_run,not_run,,
46,70368744177663,70368744177664,70368744177664,373,368,140,46,True,True,0.000127,0.000085,not_run,not_run,,
47,140737488355327,140737488355328,140737488355328,381,376,143,47,True,True,0.000124,0.000086,not_run,not_run,,
48,281474976710655,281474976710656,281474976710656,389,384,146,48,True,True,0.000126,0.000088,not_run,not_run,,
49,562949953421311,562949953421312,562949953421312,397,392,149,49,True,True,0.000128,0.000089,not_run,not_run,,
50,1125899906842623,1125899906842624,1125899906842624,405,400,152,50,True,True,0.000135,0.000093,not_run,not_run,,
51,2251799813685247,2251799813685248,2251799813685248,413,408,155,51,True,True,0.000135,0.000094,not_run,not_run,,
52,4503599627370495,4503599627370496,4503599627370496,421,416,158,52,True,True,0.000134,0.000094,not_run,not_run,,
53,9007199254740991,9007199254740992,9007199254740992,429,424,161,53,True,True,0.000134,0.000095,not_run,not_run,,
54,18014398509481983,18014398509481984,18014398509481984,437,432,164,54,True,True,0.000139,0.000099,not_run,not_run,,
55,36028797018963967,36028797018963968,36028797018963968,445,440,167,55,True,True,0.000138,0.000101,not_run,not_run,,
56,72057594037927935,72057594037927936,72057594037927936,453,448,170,56,True,True,0.000152,0.000102,not_run,not_run,,
57,144115188075855871,144115188075855872,144115188075855872,461,456,173,57,True,True,0.000276,0.000221,not_run,not_run,,
58,288230376151711743,288230376151711744,288230376151711744,469,464,176,58,True,True,0.000153,0.000106,not_run,not_run,,
59,576460752303423487,576460752303423488,576460752303423488,477,472,179,59,True,True,0.000150,0.000108,not_run,not_run,,
60,1152921504606846975,1152921504606846976,1152921504606846976,485,480,182,60,True,True,0.000153,0.000110,not_run,not_run,,
61,2305843009213693951,2305843009213693952,2305843009213693952,493,488,185,61,True,True,0.000155,0.000112,not_run,not_run,,
62,4611686018427387903,4611686018427387904,4611686018427387904,501,496,188,62,True,True,0.000156,0.000113,not_run,not_run,,
63,9223372036854775807,9223372036854775808,9223372036854775808,509,504,191,63,True,True,0.000162,0.000121,not_run,not_run,,
64,18446744073709551615,18446744073709551616,18446744073709551616,517,512,194,64,True,True,0.000163,0.000120,not_run,not_run,,
